img_url,card_name,double-sided,cost
https://cards.scryfall.io/large/front/9/f/9f764077-df2d-4ac7-b507-2c8e08386d49.jpg?1643594095,"Eruth, Tormented Prophet (Innistrad: Crimson Vow #237)",False,3
https://cards.scryfall.io/large/front/f/6/f6cd7465-9dd0-473c-ac5e-dd9e2f22f5f6.jpg?1631050188,"Esika, God of the Tree // The Prismatic Bridge (Kaldheim #168)",True,3
https://cards.scryfall.io/large/front/8/6/86958821-76eb-43a5-974b-7c945e826a66.jpg?1611933914,"Esior, Wardwing Familiar (Commander Legends #67)",False,2
https://cards.scryfall.io/large/front/2/e/2e390f8e-1dd5-4383-83f5-45f20f18d410.jpg?1706241000,"Esix, Fractal Bloom (Murders at Karlov Manor Commander #210)",False,6
https://cards.scryfall.io/large/front/3/3/3340b83e-72dc-42e2-9f93-92f732c047df.jpg?1592710258,"Estrid, the Masked (Commander 2018 #40)",False,4
https://cards.scryfall.io/large/front/9/5/95c14c4d-6c16-4826-8d93-d89ad04aee09.jpg?1682204132,"Etali, Primal Conqueror // Etali, Primal Sickness (March of the Machine #137)",True,7
https://cards.scryfall.io/large/front/a/1/a18fdaf9-964d-45e9-bd40-a8fc745ddd1e.jpg?1706240833,"Etali, Primal Storm (Murders at Karlov Manor Commander #152)",False,6
https://cards.scryfall.io/large/front/4/4/4410db5a-62af-43ac-979d-88a7c975f7bd.jpg?1706242152,"Etrata, Deadly Fugitive (Murders at Karlov Manor #200)",False,3
https://cards.scryfall.io/large/front/f/a/fa36b142-e67e-49da-9080-c5994e275266.jpg?1572893618,"Etrata, the Silencer (Guilds of Ravnica #170)",False,4
https://cards.scryfall.io/large/front/c/2/c2159949-3d21-448d-bc34-a3dbaf219476.jpg?1581481050,Eutropia the Twice-Favored (Theros Beyond Death #216),False,3
https://cards.scryfall.io/large/front/c/0/c0dad61f-36cd-46af-82b7-a02e04efd676.jpg?1664412977,"Evelyn, the Covetous (Streets of New Capenna #184)",False,5
https://cards.scryfall.io/large/front/0/2/02f57a57-8ce8-4d01-9b91-99ec0623d1e9.jpg?1562730663,"Evra, Halcyon Witness (Dominaria #16)",False,6
https://cards.scryfall.io/large/front/6/c/6cb72a64-89e7-4b0e-a3d3-1309829071d2.jpg?1562915205,"Exava, Rakdos Blood Witch (Dragon's Maze #69)",False,4
https://cards.scryfall.io/large/front/6/d/6d938197-2557-421a-985e-5add932d4bac.jpg?1689999041,Experiment Kraj (Commander Masters #337),False,6
https://cards.scryfall.io/large/front/b/a/ba09360a-067e-48a5-bdc5-a19fd066a785.jpg?1624593379,"Extus, Oriq Overlord // Awaken the Blood Avatar (Strixhaven: School of Mages #149)",True,4
https://cards.scryfall.io/large/front/d/a/dae9ee75-30b8-4e24-af8b-031c816d3221.jpg?1708706027,Ezio Auditore da Firenze (Assassin's Creed #25),False,2
https://cards.scryfall.io/large/front/b/b/bbdc8019-9b5e-4d9a-a09b-2a14f41ddfe1.jpg?1708706888,"Ezio, Blade of Vengeance (Assassin's Creed #275)",False,5
https://cards.scryfall.io/large/front/9/5/9554d5f2-7a33-4734-8cf3-dfae2ccc3596.jpg?1706242161,"Ezrim, Agency Chief (Murders at Karlov Manor #202)",False,5
https://cards.scryfall.io/large/front/6/b/6bf721b0-2b5a-4085-b50c-89cbe7420673.jpg?1673148596,"Ezuri, Claw of Progress (Double Masters 2022 #211)",False,4
https://cards.scryfall.io/large/front/8/a/8a448dbf-08a1-4145-a4b2-0265cc9f2e53.jpg?1561759289,"Ezuri, Renegade Leader (Duel Decks: Elves vs. Inventors #1)",False,3
https://cards.scryfall.io/large/front/d/3/d38961ce-0257-412f-acec-c5c9886061f8.jpg?1675957189,"Ezuri, Stalker of Spheres (Phyrexia: All Will Be One #201)",False,4
https://cards.scryfall.io/large/front/2/5/25564fba-5765-457b-8dd3-f26b877221b8.jpg?1682390376,Faceless One (Commander Legends: Battle for Baldur's Gate #1),False,5
https://cards.scryfall.io/large/front/2/6/26acb9db-1a2f-4b08-b121-88f953e597e5.jpg?1625191684,"Fain, the Broker (Commander 2021 #40)",False,3
https://cards.scryfall.io/large/front/a/e/ae25db8c-3d10-4196-b002-9d2aabd5f4de.jpg?1664413016,"Falco Spara, Pactweaver (Streets of New Capenna #186)",False,4
https://cards.scryfall.io/large/front/2/1/213e530e-33a9-4358-b43b-4a276a7e7190.jpg?1674140675,"Faldorn, Dread Wolf Herald (Commander Legends: Battle for Baldur's Gate #647)",False,3
https://cards.scryfall.io/large/front/8/4/84537fea-ad81-4a9a-99d4-722a938adc7d.jpg?1608909735,"Falthis, Shadowcat Familiar (Commander Legends #126)",False,3
https://cards.scryfall.io/large/front/0/f/0fb0f946-2127-4aa3-88ac-9bd2e94d8983.jpg?1686969365,"Fangorn, Tree Shepherd (The Lord of the Rings: Tales of Middle-earth #166)",False,7
https://cards.scryfall.io/large/front/1/7/17c2250a-9af1-40de-9f09-7e8c7daec520.jpg?1686967763,"Faramir, Field Commander (The Lord of the Rings: Tales of Middle-earth #14)",False,4
https://cards.scryfall.io/large/front/8/7/8700923a-e9ff-4ced-87fe-1ab26554623a.jpg?1686969755,"Faramir, Prince of Ithilien (The Lord of the Rings: Tales of Middle-earth #202)",False,4
https://cards.scryfall.io/large/front/5/c/5c3e8a30-de2a-4d8f-a929-5abeaea2e65a.jpg?1686964208,"Faramir, Steward of Gondor (Tales of Middle-earth Commander #54)",False,3
https://cards.scryfall.io/large/front/1/b/1b2ff142-029b-4446-960a-2ff200fb9aee.jpg?1627708878,"Farideh, Devil's Chosen (Adventures in the Forgotten Realms #221)",False,4
https://cards.scryfall.io/large/front/0/0/003367c7-6cb8-4451-8349-76ce5d21e367.jpg?1688125556,"Farid, Enterprising Salvager (The Brothers' War Commander #13)",False,3
https://cards.scryfall.io/large/front/2/5/25b49eaa-13e7-4f4e-b0dc-56ebd28a4a22.jpg?1686964217,Farmer Cotton (Tales of Middle-earth Commander #55),False,2
https://cards.scryfall.io/large/front/c/a/cabc3688-2362-4757-a5be-087e577c4691.jpg?1674134999,Far Traveler (Commander Legends: Battle for Baldur's Gate #17),False,3
https://cards.scryfall.io/large/front/0/1/01d3e6ea-4791-4948-af22-c1bd04c34c1e.jpg?1708702980,"Fblthp, Lost on the Range (Outlaws of Thunder Junction #48)",False,3
https://cards.scryfall.io/large/front/7/9/79b2c547-0d9e-4fd7-a399-347ad908c70b.jpg?1702429390,"Fblthp, the Lost (Ravnica Remastered #44)",False,2
https://cards.scryfall.io/large/front/d/7/d763695b-c184-409d-962d-5aaf39a6264e.jpg?1706448890,"Feather, Radiant Arbiter (Murders at Karlov Manor Commander #6)",False,3
https://cards.scryfall.io/large/front/e/4/e4a2d2c6-8eaa-4760-b620-921b807baa2e.jpg?1557577142,"Feather, the Redeemed (War of the Spark #197)",False,3
https://cards.scryfall.io/large/front/0/3/0360f1ff-15c9-48e3-89eb-fbc4bf140c55.jpg?1690023788,Feldon of the Third Path (March of the Machine Commander #277),False,3
https://cards.scryfall.io/large/front/5/c/5ca4cb0e-63ad-4275-a27f-da476260b467.jpg?1674421139,"Feldon, Ronom Excavator (The Brothers' War #135)",False,2
https://cards.scryfall.io/large/front/1/8/18b8abf0-e8c3-4c19-bdf1-18aabe75a3de.jpg?1674142459,"Felisa, Fang of Silverquill (Commander Legends: Battle for Baldur's Gate #845)",False,4
https://cards.scryfall.io/large/front/8/8/88e833a9-d82f-4942-a488-67d9c02817db.jpg?1674135530,Feywild Visitor (Commander Legends: Battle for Baldur's Gate #70),False,3
https://cards.scryfall.io/large/front/4/d/4d5edf4f-5695-42fc-9e57-c4faef60fbc3.jpg?1673148634,Firesong and Sunspeaker (Double Masters 2022 #215),False,6
https://cards.scryfall.io/large/front/d/f/df87077c-85d8-499e-bce0-27697caada5a.jpg?1631051364,"Firja, Judge of Valor (Kaldheim #209)",False,5
https://cards.scryfall.io/large/front/b/5/b55e624b-6f6a-42ae-89aa-0cc62ee55a31.jpg?1674140684,"Firkraag, Cunning Instigator (Commander Legends: Battle for Baldur's Gate #648)",False,5
https://cards.scryfall.io/large/front/8/7/876d9732-9201-4327-8748-7c87ec55453f.jpg?1674092884,"Flamewar, Brash Veteran // Flamewar, Streetwise Operative (Transformers #10)",True,3
https://cards.scryfall.io/large/front/e/c/ec122c9f-5513-4ba7-ae04-3c2060121d73.jpg?1674135015,Flaming Fist (Commander Legends: Battle for Baldur's Gate #18),False,3
https://cards.scryfall.io/large/front/5/3/53289e69-74da-46d2-91c2-a11378ba76ef.jpg?1636684231,"Florian, Voldaren Scion (Innistrad: Midnight Hunt #223)",False,3
https://cards.scryfall.io/large/front/4/c/4c974d9a-40a6-4072-90b2-01c3b3461a75.jpg?1673913534,Fluros of Myra's Marvels (Unfinity #46),False,4
https://cards.scryfall.io/large/front/a/8/a8b3aae8-fc36-45ed-84ed-efb8f543cada.jpg?1674140702,Folk Hero (Commander Legends: Battle for Baldur's Gate #650),False,2
https://cards.scryfall.io/large/front/2/0/2091e863-30f3-475e-9a61-e76fc4cf1ce2.jpg?1682347182,"Forge, Neverwinter Charlatan (Secret Lair Drop #1239)",False,4
https://cards.scryfall.io/large/front/5/1/5182b527-739e-4523-8611-01244ced26ac.jpg?1701084734,"Francisco, Fowl Marauder (The Lost Caverns of Ixalan Commander #81)",False,2
https://cards.scryfall.io/large/front/4/4/440c3e8b-d9c6-46cd-9f39-86db077fb89d.jpg?1583965356,Frankie Peanuts (Unsanctioned #5),False,4
https://cards.scryfall.io/large/front/5/2/52311be7-b484-4b14-a091-904c6b0c83d1.jpg?1689998532,"Freyalise, Llanowar's Fury (Commander Masters #290)",False,5
https://cards.scryfall.io/large/front/3/2/328df403-7428-4b17-bdd1-9759fc0f32d8.jpg?1686963703,"Frodo, Adventurous Hobbit (Tales of Middle-earth Commander #2)",False,2
https://cards.scryfall.io/large/front/d/e/de1c0399-9db8-4901-b72e-0010eb9b92b0.jpg?1686969787,Frodo Baggins (The Lord of the Rings: Tales of Middle-earth #205),False,2
https://cards.scryfall.io/large/front/8/3/83d1b37c-a8c6-4690-8701-3395397711e7.jpg?1687424782,"Frodo, Determined Hero (The Lord of the Rings: Tales of Middle-earth #289)",False,2
https://cards.scryfall.io/large/front/7/d/7d86dc2e-6f0c-4714-9d30-5d099d3b895c.jpg?1686967812,"Frodo, Sauron's Bane (The Lord of the Rings: Tales of Middle-earth #18)",False,1
https://cards.scryfall.io/large/front/d/3/d3ee3011-3d17-435d-a483-79b0419b589b.jpg?1591320621,Fumiko the Lowblood (Commander 2020 #152),False,4
https://cards.scryfall.io/large/front/7/d/7d7a8a90-13c1-4b0c-ab2e-fc8d91ccefd9.jpg?1631050242,"Fynn, the Fangbearer (Kaldheim #170)",False,2
https://cards.scryfall.io/large/front/2/e/2e349074-1402-44cf-be19-33a661cff3b6.jpg?1562904707,Gabriel Angelfire (Masters Edition III #148),False,7
https://cards.scryfall.io/large/front/f/4/f40cfba1-08b5-4241-bd36-8ae18e584557.jpg?1559959266,Gaddock Teeg (Ultimate Masters #199),False,2
https://cards.scryfall.io/large/front/4/4/44b83bb7-00c8-4078-b27f-42a830a544b5.jpg?1594736636,"Gadrak, the Crown-Scourge (Core Set 2021 #146)",False,3
https://cards.scryfall.io/large/front/6/2/62ddce0d-f22a-4fcd-9a4a-d71938750ba1.jpg?1572489894,"Gadwick, the Wizened (Throne of Eldraine #48)",False,3
https://cards.scryfall.io/large/front/c/6/c658f583-c115-43c7-9986-2c6010549313.jpg?1673485071,"Gahiji, Honored One (New Capenna Commander #340)",False,5
https://cards.scryfall.io/large/front/8/f/8fa46d54-563d-4b5c-9c69-5ab37dd529b3.jpg?1686963714,"Galadriel, Elven-Queen (Tales of Middle-earth Commander #3)",False,4
https://cards.scryfall.io/large/front/8/2/8229264e-af6c-4f1f-b86a-257889ace9ce.jpg?1687424896,"Galadriel, Gift-Giver (The Lord of the Rings: Tales of Middle-earth #296)",False,5
https://cards.scryfall.io/large/front/f/4/f485596f-3a23-4714-ad7e-4c493ab1b530.jpg?1695428241,"Galadriel, Light of Valinor (Tales of Middle-earth Commander #498)",False,5
https://cards.scryfall.io/large/front/a/6/a6e5c3b3-9a70-4a1c-bfb3-db27e51c4b8d.jpg?1686969798,Galadriel of Lothlórien (The Lord of the Rings: Tales of Middle-earth #206),False,3
https://cards.scryfall.io/large/front/0/6/06c9158c-064b-4d12-b860-d2c1450d1897.jpg?1627429083,Galazeth Prismari (Strixhaven: School of Mages #189),False,4
https://cards.scryfall.io/large/front/1/e/1efbea01-c6a1-4380-a14f-6206c7895e48.jpg?1632335378,"Galea, Kindler of Hope (Forgotten Realms Commander #1)",False,4
https://cards.scryfall.io/large/front/4/7/476144ef-fda4-4b93-b4ed-5acee54a1b65.jpg?1656631750,"Gale, Conduit of the Arcane (Alchemy Horizons: Baldur's Gate #6)",False,4
https://cards.scryfall.io/large/front/6/7/67edf31f-ed67-4617-bf73-28a939a232a7.jpg?1674135550,"Gale, Waterdeep Prodigy (Commander Legends: Battle for Baldur's Gate #72)",False,3
https://cards.scryfall.io/large/front/0/7/0744f08e-a588-4efe-ad56-5e9ed91dda40.jpg?1581481059,Gallia of the Endless Dance (Theros Beyond Death #217),False,2
https://cards.scryfall.io/large/front/8/d/8df86192-6374-42ac-94bc-95e2e8284bd6.jpg?1562802094,Gallowbraid (Weatherlight #70),False,5
https://cards.scryfall.io/large/front/9/f/9f5bb319-29b2-4a7c-82e9-f8b5e47909a1.jpg?1674136563,"Ganax, Astral Hunter (Commander Legends: Battle for Baldur's Gate #176)",False,5
https://cards.scryfall.io/large/front/c/c/cc9cfcc7-be64-4871-8d52-851e43fe3305.jpg?1696231214,"Gandalf, Friend of the Shire (The Lord of the Rings: Tales of Middle-earth #50)",False,4
https://cards.scryfall.io/large/front/b/c/bc40e6dd-0aa8-4c37-a2eb-4dc9662e416e.jpg?1695346534,Gandalf of the Secret Fire (Tales of Middle-earth Commander #507),False,4
https://cards.scryfall.io/large/front/e/2/e2b975e6-e709-481f-bfbc-41a832508283.jpg?1686969808,Gandalf the Grey (The Lord of the Rings: Tales of Middle-earth #207),False,5
https://cards.scryfall.io/large/front/e/3/e384c20b-d0c1-4781-9d11-e89e5a6bf3fc.jpg?1686967821,Gandalf the White (The Lord of the Rings: Tales of Middle-earth #19),False,5
https://cards.scryfall.io/large/front/5/6/56910251-6339-4f8b-b863-29caab4965d8.jpg?1686963744,"Gandalf, Westward Voyager (Tales of Middle-earth Commander #6)",False,5
https://cards.scryfall.io/large/front/b/4/b422ce26-06fb-4748-9c01-32c4be914a77.jpg?1687424784,"Gandalf, White Rider (The Lord of the Rings: Tales of Middle-earth #290)",False,4
https://cards.scryfall.io/large/front/4/e/4e446e90-6e31-43ed-bcb1-a01422b503c0.jpg?1592517214,"Gargos, Vicious Watcher (Core Set 2020 #172)",False,6
https://cards.scryfall.io/large/front/2/9/294c5f08-08e7-458f-8838-ff321dc5d9f2.jpg?1673307951,"Garna, Bloodfist of Keld (Dominaria United #200)",False,4
https://cards.scryfall.io/large/front/7/3/732797d3-59e1-4fff-bcf0-22c2606a7a5f.jpg?1673305528,"Garna, the Bloodflame (Dominaria United Commander #151)",False,5
https://cards.scryfall.io/large/front/2/3/23774462-9f17-4b50-a2ac-b2edd706bbfe.jpg?1626098353,Garth One-Eye (Modern Horizons 2 #197),False,5
https://cards.scryfall.io/large/front/3/5/3570143b-183b-4ae2-8806-3d0c4cd7406e.jpg?1593275530,"Garza Zol, Plague Queen (Coldsnap #129)",False,7
https://cards.scryfall.io/large/front/8/0/80bc07d5-bdbb-4a6d-8958-0c172ea80245.jpg?1591234237,"Gavi, Nest Warden (Commander 2020 #7)",False,5
https://cards.scryfall.io/large/front/5/4/541b9d55-f237-4ff2-9e47-c58a381f0633.jpg?1641603441,Geist of Saint Traft (Crimson Vow Commander #155),False,3
https://cards.scryfall.io/large/front/6/0/600dca0f-5964-45e7-86df-f16a5b4a0106.jpg?1626098375,General Ferrous Rokiric (Modern Horizons 2 #198),False,3
https://cards.scryfall.io/large/front/6/a/6a4f5a28-0bd2-4cc4-b67f-324e89193caa.jpg?1562914700,General Jarkeld (Ice Age #27),False,4
https://cards.scryfall.io/large/front/2/c/2c3227ae-0c72-478a-a6dd-661aaf718038.jpg?1591228027,General Kudro of Drannith (Ikoria: Lair of Behemoths #187),False,3
https://cards.scryfall.io/large/front/b/f/bf2931bd-bedc-45e8-b3f0-e2a220dbac1b.jpg?1673304916,General Marhault Elsdragon (Dominaria United Commander #31),False,4
https://cards.scryfall.io/large/front/3/4/34e9aa86-1a31-4c0f-928d-923f066286b6.jpg?1562905706,General Tazri (Oath of the Gatewatch #19),False,5
https://cards.scryfall.io/large/front/6/9/69890076-9cc4-434f-8618-63b00fdf4515.jpg?1643587870,"Geralf, Visionary Stitcher (Innistrad: Crimson Vow #61)",False,3
https://cards.scryfall.io/large/front/4/4/447c8c98-ac0e-4a12-a99e-f75d82b7a51f.jpg?1562907491,Gerrard Capashen (Duel Decks: Phyrexia vs. the Coalition #46),False,5
https://cards.scryfall.io/large/front/c/8/c835a37a-776a-44ef-a252-4af1f31bf0b3.jpg?1568003665,"Gerrard, Weatherlight Hero (Commander 2019 #41)",False,4
https://cards.scryfall.io/large/front/9/2/920d56a4-fc94-43d8-9d65-361b66172a5f.jpg?1598304744,"Geth, Lord of the Vault (Double Masters #94)",False,6
https://cards.scryfall.io/large/front/c/2/c26e18be-81a1-4645-866a-fae5c2fdf7c9.jpg?1675957027,"Geth, Thane of Contracts (Phyrexia: All Will Be One #95)",False,3
https://cards.scryfall.io/large/front/2/8/28104289-3043-4ba6-bcc6-e35fad429135.jpg?1677507380,Ghalma the Shaper (Alchemy: Phyrexia #1),False,3
https://cards.scryfall.io/large/front/a/9/a9ec900f-1e31-4440-a75a-20b256734d5b.jpg?1682205257,Ghalta and Mavren (March of the Machine #225),False,7
https://cards.scryfall.io/large/front/5/4/54872e72-41dc-4092-8169-ce13498beb30.jpg?1689998553,"Ghalta, Primal Hunger (Commander Masters #292)",False,12
https://cards.scryfall.io/large/front/7/2/72e805e9-69be-45c1-aa04-f460641a0c1e.jpg?1699044395,"Ghalta, Stampede Tyrant (The Lost Caverns of Ixalan #185)",False,8
https://cards.scryfall.io/large/front/c/2/c2be0e99-cf43-423f-974f-02e3313b3aa9.jpg?1673148645,"Ghave, Guru of Spores (Double Masters 2022 #216)",False,5
https://cards.scryfall.io/large/front/4/b/4b335496-05d2-40f5-a52c-10029f7fa008.jpg?1608911100,"Ghen, Arcanum Weaver (Commander Legends #275)",False,3
https://cards.scryfall.io/large/front/d/0/d0825bcd-8cf8-498a-a61e-406f136e1f3f.jpg?1568003672,"Ghired, Conclave Exile (Commander 2019 #42)",False,5
https://cards.scryfall.io/large/front/5/b/5b551074-a9b4-45f0-a007-f07d7b2e12a8.jpg?1562262654,Ghost Council of Orzhova (Modern Masters 2015 #176),False,4
https://cards.scryfall.io/large/front/1/5/15e649e1-dcb3-41d9-8055-cf3c98e25b1e.jpg?1698988154,Ghost of Ramirez DePietro (The Lost Caverns of Ixalan Commander #157),False,3
https://cards.scryfall.io/large/front/4/4/44d7906e-8a89-4644-acb5-46fbe97ab39f.jpg?1689997183,Ghoulcaller Gisa (Commander Masters #161),False,5
https://cards.scryfall.io/large/front/f/a/fa7349d9-c82f-4cf8-a852-92168d1f4966.jpg?1673309394,"Ghyrson Starn, Kelermorph (Warhammer 40,000 Commander #124)",False,3
https://cards.scryfall.io/large/front/b/a/bae077bd-fc8d-44d7-8c75-8dc8699c168e.jpg?1664409667,"Giada, Font of Hope (Streets of New Capenna #14)",False,2
https://cards.scryfall.io/large/front/7/4/745d297d-4bb4-40cf-bb9c-99dac04e5069.jpg?1608910679,"Gilanra, Caller of Wirewood (Commander Legends #230)",False,3
https://cards.scryfall.io/large/front/0/7/07efe592-5851-4577-b73f-0bb232feb68b.jpg?1686963815,"Gilraen, Dúnedain Protector (Tales of Middle-earth Commander #13)",False,3
https://cards.scryfall.io/large/front/4/a/4a9aa899-752b-4106-89ba-9475ee777d41.jpg?1682207220,"Gimbal, Gremlin Prodigy (March of the Machine Commander #3)",False,5
https://cards.scryfall.io/large/front/2/8/28b41c48-0715-49d9-98e5-e82b706da816.jpg?1686968959,"Gimli, Counter of Kills (The Lord of the Rings: Tales of Middle-earth #129)",False,4
https://cards.scryfall.io/large/front/d/f/df4be38c-3f93-4ff4-bff4-94753b96f2f3.jpg?1686969830,"Gimli, Mournful Avenger (The Lord of the Rings: Tales of Middle-earth #209)",False,3
https://cards.scryfall.io/large/front/5/a/5afc0319-9e17-4e81-a0b6-e76645bacb04.jpg?1686963998,Gimli of the Glittering Caves (Tales of Middle-earth Commander #32),False,3
https://cards.scryfall.io/large/front/3/7/377a5f75-222b-43e1-8998-18c6cfa44b24.jpg?1637631446,Gisa and Geralf (Midnight Hunt Commander #150),False,4
https://cards.scryfall.io/large/front/6/3/63461076-a13d-488d-bd82-ceac441341c8.jpg?1634349861,"Gisa, Glorious Resurrector (Innistrad: Midnight Hunt #103)",False,4
https://cards.scryfall.io/large/front/9/0/900b8908-ba51-472e-ab7a-43bd07f90577.jpg?1706547139,"Gisela, Blade of Goldnight (Murders at Karlov Manor Commander #211)",False,7
https://cards.scryfall.io/large/front/c/7/c75c035a-7da9-4b36-982d-fca8220b1797.jpg?1625771749,"Gisela, the Broken Blade (Eldritch Moon #28)",True,4
https://cards.scryfall.io/large/front/b/c/bc4a65de-23b5-48f0-b8b7-94608eaced3e.jpg?1699044539,"Gishath, Sun's Avatar (The Lost Caverns of Ixalan #229)",False,8
https://cards.scryfall.io/large/front/6/f/6f570bed-e603-4696-8676-43cd6f0ee4ab.jpg?1680465850,"Gitrog, Horror of Zhava (Alchemy: Innistrad #58)",False,4
https://cards.scryfall.io/large/front/2/c/2c76f7e0-37e7-4e87-93a3-a25ba0674645.jpg?1675567458,"Gix, Yawgmoth Praetor (The Brothers' War #95)",False,3
https://cards.scryfall.io/large/front/a/7/a736df42-18e9-4259-b0b8-54d21143e72e.jpg?1608909239,"Glacian, Powerstone Engineer (Commander Legends #72)",False,6
https://cards.scryfall.io/large/front/6/c/6c299066-dfdd-47a3-85e6-225508ba95fe.jpg?1682205268,"Glissa, Herald of Predation (March of the Machine #226)",False,5
https://cards.scryfall.io/large/front/6/7/670c3106-71fc-464e-8c94-81bf7fafc3e6.jpg?1665504346,Glissa Sunseeker (Mirrodin #120),False,4
https://cards.scryfall.io/large/front/b/2/b2bf633e-0470-4b87-99ed-5ad1683b0954.jpg?1675957191,Glissa Sunslayer (Phyrexia: All Will Be One #202),False,3
https://cards.scryfall.io/large/front/7/5/755e0fbf-4f00-4b05-a535-27e78e96d6b6.jpg?1562612302,"Glissa, the Traitor (Mirrodin Besieged #96)",False,3
https://cards.scryfall.io/large/front/8/6/868a2aa7-bcaf-409b-8802-d00ee1f2ae77.jpg?1686968993,"Glóin, Dwarf Emissary (The Lord of the Rings: Tales of Middle-earth #132)",False,3
https://cards.scryfall.io/large/front/b/a/baf7a546-8a8b-4396-ab64-9a5b9abffe79.jpg?1686969418,"Glorfindel, Dauntless Rescuer (The Lord of the Rings: Tales of Middle-earth #171)",False,3
https://cards.scryfall.io/large/front/3/b/3b3e889a-5865-4464-9923-bffa25c50cd2.jpg?1674137513,"Gluntch, the Bestower (Commander Legends: Battle for Baldur's Gate #275)",False,3
https://cards.scryfall.io/large/front/c/1/c171f179-9ccf-4819-915c-7f2cd3a91ad8.jpg?1608911110,"Gnostro, Voice of the Crags (Commander Legends #276)",False,4
https://cards.scryfall.io/large/front/f/e/fe93ef82-51de-40ad-9b52-8f3fd11c144f.jpg?1692938249,"Goddric, Cloaked Reveler (Wilds of Eldraine #132)",False,3
https://cards.scryfall.io/large/front/3/7/3714a135-e2b9-43a7-a2a2-fa5a2e0ac61a.jpg?1557576478,God-Eternal Bontu (War of the Spark #92),False,5
https://cards.scryfall.io/large/front/5/e/5e14060f-9167-4e28-a053-77689e066e30.jpg?1559959354,God-Eternal Kefnet (War of the Spark #53),False,4
https://cards.scryfall.io/large/front/d/f/df70f155-2336-421c-8a9d-69772d2b51a8.jpg?1559959340,God-Eternal Oketra (War of the Spark #16),False,5
https://cards.scryfall.io/large/front/0/e/0eb444f0-69cc-47c8-8cd6-1f9edad5d903.jpg?1559959431,God-Eternal Rhonas (War of the Spark #163),False,5
https://cards.scryfall.io/large/front/0/1/01d566cf-cb32-461d-8afe-b0f3f4c24160.jpg?1689997867,"Godo, Bandit Warlord (Commander Masters #227)",False,6
https://cards.scryfall.io/large/front/b/f/bf4f0a7c-620e-4ed8-8da3-fa6564e8a0cd.jpg?1686968111,"Goldberry, River-Daughter (The Lord of the Rings: Tales of Middle-earth #52)",False,2
https://cards.scryfall.io/large/front/8/e/8e4a8db9-ef57-4ea0-952c-1e5d343fb5d9.jpg?1674092900,"Goldbug, Humanity's Ally // Goldbug, Scrappy Scout (Transformers #11)",True,3
https://cards.scryfall.io/large/front/e/5/e5a43cf0-60b3-4770-945c-41ee3ec54d5a.jpg?1686963939,"Gollum, Obsessed Stalker (Tales of Middle-earth Commander #26)",False,2
https://cards.scryfall.io/large/front/4/d/4ddda7d4-0226-404f-8418-f1f5720dcef8.jpg?1686968450,"Gollum, Patient Plotter (The Lord of the Rings: Tales of Middle-earth #84)",False,2
https://cards.scryfall.io/large/front/7/f/7f93ad17-b655-4a10-990e-b26ead90d221.jpg?1687424790,"Gollum, Scheming Guide (The Lord of the Rings: Tales of Middle-earth #292)",False,2
https://cards.scryfall.io/large/front/0/1/01852cd2-16e4-4518-b5d5-b9a378b8664d.jpg?1690016712,"Gonti, Lord of Luxury (Commander Masters #162)",False,4
https://cards.scryfall.io/large/front/5/8/58aafdb6-1c8c-4fc4-a52e-3e601be7fb0c.jpg?1686968472,Gorbag of Minas Morgul (The Lord of the Rings: Tales of Middle-earth #86),False,2
https://cards.scryfall.io/large/front/e/e/ee47f23a-3ba9-4615-b170-c89d8ab99d78.jpg?1690016718,"Goreclaw, Terror of Qal Sisma (Commander Masters #293)",False,4
https://cards.scryfall.io/large/front/1/2/12615d0d-e38c-4e7b-918e-33e88299d1f9.jpg?1690016809,"Gorex, the Tombshell (Commander Masters #164)",False,8
https://cards.scryfall.io/large/front/0/0/001c648a-db66-47f3-8fee-3658b9e76ac2.jpg?1674137521,"Gorion, Wise Mentor (Commander Legends: Battle for Baldur's Gate #276)",False,3
https://cards.scryfall.io/large/front/4/1/41603938-9527-42fc-a870-b662c3871ae3.jpg?1562908113,Gorm the Great (Battlebond #8),False,4
https://cards.scryfall.io/large/front/4/0/40b006f9-a287-4e64-915f-ca71712b8d27.jpg?1608911119,"Gor Muldrak, Amphinologist (Commander Legends #277)",False,3
https://cards.scryfall.io/large/front/5/b/5b661b53-2e58-4dcc-9100-fc00e0fdb606.jpg?1683582714,Goro-Goro and Satoru (March of the Machine Commander #445),False,3
https://cards.scryfall.io/large/front/1/c/1ca736c7-35a9-48c7-b5a9-69b2a6e33ad0.jpg?1654567661,"Goro-Goro, Disciple of Ryusei (Kamigawa: Neon Dynasty #145)",False,2
https://cards.scryfall.io/large/front/5/b/5b915e8d-b972-4ae1-a1c3-74d6623963c8.jpg?1654567651,Go-Shintai of Ancient Wars (Kamigawa: Neon Dynasty #144),False,3
https://cards.scryfall.io/large/front/6/9/691016a1-8630-423c-9a57-061593d170fd.jpg?1654568114,Go-Shintai of Boundless Vigor (Kamigawa: Neon Dynasty #187),False,2
https://cards.scryfall.io/large/front/4/5/45e1ff1e-916b-4455-84cb-4125a79d76de.jpg?1656615700,Go-Shintai of Hidden Cruelty (Kamigawa: Neon Dynasty #97),False,4
https://cards.scryfall.io/large/front/9/4/9476fe67-d2d3-4835-8ba6-2a17d18cc141.jpg?1651655539,Go-Shintai of Life's Origin (Neon Dynasty Commander #37),False,4
https://cards.scryfall.io/large/front/7/e/7ec1192c-25b8-4975-ae6c-86be28ac1840.jpg?1654566704,Go-Shintai of Lost Wisdom (Kamigawa: Neon Dynasty #55),False,2
https://cards.scryfall.io/large/front/0/a/0ab91962-ebad-46f6-9f90-7477c224d93d.jpg?1654566269,Go-Shintai of Shared Purpose (Kamigawa: Neon Dynasty #14),False,4
https://cards.scryfall.io/large/front/9/2/92ef316b-dd22-40d1-82e8-8890976684c0.jpg?1562859698,Gosta Dirk (Legends #227),False,7
https://cards.scryfall.io/large/front/a/1/a1c10e93-88eb-46b9-8adc-583661807990.jpg?1686968484,"Gothmog, Morgul Lieutenant (The Lord of the Rings: Tales of Middle-earth #87)",False,4
https://cards.scryfall.io/large/front/e/0/e0e73b63-17cc-4dca-abd6-728b74bc37a8.jpg?1675957233,"Graaz, Unstoppable Juggernaut (Phyrexia: All Will Be One #229)",False,8
https://cards.scryfall.io/large/front/3/4/3467d66e-1a81-40d6-945a-f2c679d214d1.jpg?1696691788,Graham O'Brien (Doctor Who #104),False,2
https://cards.scryfall.io/large/front/b/d/bd227384-e0e3-40ce-98bb-8b7cf1900ad7.jpg?1604200053,"Grakmaw, Skyclave Ravager (Zendikar Rising #223)",False,3
https://cards.scryfall.io/large/front/f/4/f43748ea-1d65-4ee8-9c66-221412a284c0.jpg?1673148699,Grand Arbiter Augustin IV (Double Masters 2022 #221),False,4
https://cards.scryfall.io/large/front/d/1/d196ad09-a3b3-445b-8ae4-fa231758c350.jpg?1673914892,Grand Marshal Macie (Unfinity #168),False,3
https://cards.scryfall.io/large/front/b/4/b43b2370-fe1b-491b-9dd0-b49a30bb2b93.jpg?1562870453,Grandmother Sengir (Masters Edition II #93),False,5
https://cards.scryfall.io/large/front/9/8/986981fa-a744-45d8-81c7-68ef335c79e2.jpg?1562739940,Grand Warlord Radha (Dominaria #195),False,4
https://cards.scryfall.io/large/front/3/d/3de11222-c2fa-4544-a501-a02b31797259.jpg?1674141357,"Grazilaxx, Illithid Scholar (Commander Legends: Battle for Baldur's Gate #723)",False,3
https://cards.scryfall.io/large/front/5/6/56a0d43b-4d38-40a7-be6c-8324ab3bf773.jpg?1654568449,"Greasefang, Okiba Boss (Kamigawa: Neon Dynasty #220)",False,3
https://cards.scryfall.io/large/front/e/9/e9d1f317-efd1-4595-92e2-44815a2b8147.jpg?1562938756,"Greel, Mind Raker (Prophecy #66)",False,5
https://cards.scryfall.io/large/front/0/9/0969d7f3-cec5-4118-adb1-ff957eedf6ab.jpg?1673304884,"Greensleeves, Maro-Sorcerer (Dominaria United Commander #27)",False,5
https://cards.scryfall.io/large/front/8/8/88818c8b-dfd8-4aa6-b7bb-1c8e67d01c48.jpg?1695438880,"Gregor, Shrewd Magistrate (Universes Within #21)",False,3
https://cards.scryfall.io/large/front/6/e/6e19c383-88bd-4bde-ac81-c0eb6d5b5bd4.jpg?1562436569,"Grenzo, Dungeon Warden (Masters 25 #205)",False,2
https://cards.scryfall.io/large/front/c/8/c84e4a51-e7ab-4107-b458-771e6d31d110.jpg?1689997878,"Grenzo, Havoc Raiser (Commander Masters #228)",False,2
https://cards.scryfall.io/large/front/2/c/2cfd365e-34d1-4224-b925-119000311934.jpg?1692939325,"Greta, Sweettooth Scourge (Wilds of Eldraine #205)",False,3
https://cards.scryfall.io/large/front/3/c/3c8b248e-1460-4650-9721-85c134c21b89.jpg?1627708954,Gretchen Titchwillow (Adventures in the Forgotten Realms #223),False,2
https://cards.scryfall.io/large/front/b/d/bda22fc3-31a5-451a-9a8b-372884f7bc61.jpg?1568003680,"Greven, Predator Captain (Commander 2019 #43)",False,5
https://cards.scryfall.io/large/front/b/7/b7848325-c46e-4e63-90d0-c9524380eb63.jpg?1692516503,"Greymond, Avacyn's Stalwart (Universes Within #18)",False,4
https://cards.scryfall.io/large/front/0/0/00f40514-d37d-423f-aa0c-1875300f43a8.jpg?1686964236,"Gríma, Saruman's Footman (Tales of Middle-earth Commander #57)",False,4
https://cards.scryfall.io/large/front/8/e/8e3bd86b-e8ca-4885-a823-78fb967e6caf.jpg?1694569791,Gríma Wormtongue (The Lord of the Rings: Tales of Middle-earth #88),False,3
https://cards.scryfall.io/large/front/a/8/a8648734-ed6c-471f-91a1-6b710bbaf370.jpg?1562835166,"Grimgrin, Corpse-Born (Innistrad #214)",False,5
https://cards.scryfall.io/large/front/6/3/6385e769-f805-499d-9f47-494533362152.jpg?1686969015,"Grishnákh, Brash Instigator (The Lord of the Rings: Tales of Middle-earth #134)",False,3
https://cards.scryfall.io/large/front/8/d/8df64c80-9e98-4429-b869-7ac824fe9580.jpg?1568003688,"Grismold, the Dreadsower (Commander 2019 #44)",False,3
https://cards.scryfall.io/large/front/6/9/69af2825-18c2-4463-b6ba-42eaa070ccc1.jpg?1626098484,"Grist, the Hunger Tide (Modern Horizons 2 #202)",False,3
https://cards.scryfall.io/large/front/7/a/7aaba76b-9cec-4c2b-b0eb-8f44201f6422.jpg?1643594120,"Grolnok, the Omnivore (Innistrad: Crimson Vow #238)",False,4
https://cards.scryfall.io/large/front/a/b/ab8935b1-ec87-4330-9952-9ef8cd344531.jpg?1686634880,"Grothama, All-Devouring (Battlebond #71)",False,5
https://cards.scryfall.io/large/front/3/a/3aa40ce2-76df-43bd-a59e-7cf6e4f46a1d.jpg?1674142476,"Grumgully, the Generous (Commander Legends: Battle for Baldur's Gate #847)",False,3
https://cards.scryfall.io/large/front/b/6/b6a9aa5c-1501-4958-872a-39c512514033.jpg?1562741677,"Grunn, the Lonely King (Dominaria #165)",False,6
https://cards.scryfall.io/large/front/8/2/82ca9cf7-d6ca-4403-84be-719480eb4b7d.jpg?1562922560,"Grusilda, Monster Masher (Unstable #132)",False,5
https://cards.scryfall.io/large/front/2/8/287bd99b-6539-4e54-9166-12d3e2c9b8de.jpg?1562903569,"Guan Yu, Sainted Warrior (Masters Edition III #12)",False,5
https://cards.scryfall.io/large/front/a/b/abe5cc84-db39-4f64-b877-599880a8729a.jpg?1674136589,Guild Artisan (Commander Legends: Battle for Baldur's Gate #179),False,2
https://cards.scryfall.io/large/front/c/0/c0dcebc8-d992-4902-94bc-5623d4d78d36.jpg?1658162015,"Gut, Fanatical Priestess (Alchemy Horizons: Baldur's Gate #13)",False,6
https://cards.scryfall.io/large/front/0/0/0083a99d-92a1-4a31-b4d4-0dbb06057b48.jpg?1708319579,"Gutmorn, Pactbound Servant (Alchemy: Innistrad #28)",False,3
https://cards.scryfall.io/large/front/3/d/3d8ca18d-9099-4f1e-95c1-f04da58a26bd.jpg?1674136598,"Gut, True Soul Zealot (Commander Legends: Battle for Baldur's Gate #180)",False,3
https://cards.scryfall.io/large/front/d/a/da097d1a-6e51-41d7-8dfe-f26acfb0038f.jpg?1562938863,"Gwafa Hazid, Profiteer (Battlebond #223)",False,3
https://cards.scryfall.io/large/front/9/c/9c17c3bb-aa20-43b0-8a28-b46a18b060ef.jpg?1686963834,"Gwaihir, Greatest of the Eagles (Tales of Middle-earth Commander #15)",False,5
https://cards.scryfall.io/large/front/1/a/1a42c951-1146-4f49-a690-7d385962b191.jpg?1686969841,Gwaihir the Windlord (The Lord of the Rings: Tales of Middle-earth #210),False,6
https://cards.scryfall.io/large/front/a/4/a496823b-c864-4591-b395-5493383d11a7.jpg?1562929703,Gwendlyn Di Corci (Masters Edition III #149),False,4
https://cards.scryfall.io/large/front/7/e/7ee387b7-18e4-41b7-aefe-f2b5954e3051.jpg?1674421589,"Gwenna, Eyes of Gaea (The Brothers' War #185)",False,3
https://cards.scryfall.io/large/front/7/9/79e4242c-a53a-4287-976b-8e545888a1fa.jpg?1692933654,"Gylwain, Casting Director (Wilds of Eldraine Commander #4)",False,3
https://cards.scryfall.io/large/front/5/d/5dd7dd1a-6dd1-43c3-8298-7db703d384a1.jpg?1674185796,"Gyome, Master Chef (Commander 2021 #5)",False,4
https://cards.scryfall.io/large/front/0/d/0db18acd-36dd-4469-a370-430141858722.jpg?1677508667,"Gyox, Brutal Carnivora (Alchemy: Phyrexia #22)",False,3
https://cards.scryfall.io/large/front/9/7/97eb1804-6fd8-4917-af36-87fdfce39d3a.jpg?1591228372,"Gyruda, Doom of Depths (Ikoria: Lair of Behemoths #221)",False,6
https://cards.scryfall.io/large/front/9/1/91585912-038d-4d26-b552-0e7c48ba1e4f.jpg?1592710263,"Gyrus, Waker of Corpses (Commander 2018 #41)",False,3
https://cards.scryfall.io/large/front/7/e/7e7d463b-e74e-4ebe-9f92-02ccdeadbf96.jpg?1682209058,"Haakon, Stromgald Scourge (March of the Machine Commander #252)",False,3
https://cards.scryfall.io/large/front/5/a/5a0a2f82-57d3-45d8-b1c8-357883c62728.jpg?1674421777,"Hajar, Loyal Bodyguard (The Brothers' War #211)",False,2
https://cards.scryfall.io/large/front/e/7/e738e675-4fd1-4bc3-97f5-71d0e2fc3f2e.jpg?1699885010,Hakbal of the Surging Soul (The Lost Caverns of Ixalan Commander #3),False,4
https://cards.scryfall.io/large/front/8/1/8192bca7-03e5-4ea1-ae77-8bc811c19417.jpg?1562720255,"Hakim, Loreweaver (Mirage #68)",False,5
https://cards.scryfall.io/large/front/6/f/6fe5cbef-0f4e-4d05-9a94-4739e09d7a9c.jpg?1581481070,Haktos the Unscarred (Theros Beyond Death #218),False,4
https://cards.scryfall.io/large/front/6/0/608fa232-f5fe-4c58-9efe-fb780f454b19.jpg?1643594145,"Halana and Alena, Partners (Innistrad: Crimson Vow #239)",False,4
https://cards.scryfall.io/large/front/6/b/6bee6eb2-2708-4596-86ad-40eea88dbb6b.jpg?1608910687,"Halana, Kessig Ranger (Commander Legends #231)",False,4
https://cards.scryfall.io/large/front/1/6/16a86a35-f7e5-434d-bf44-61ae7cb0f98b.jpg?1618057606,"Haldan, Avid Arcanist (Commander 2020 #2)",False,3
https://cards.scryfall.io/large/front/4/4/440e5796-9264-4649-bf2f-58826dd0352c.jpg?1686964063,"Haldir, Lórien Lieutenant (Tales of Middle-earth Commander #39)",False,1
https://cards.scryfall.io/large/front/c/a/cac1e57a-0ef5-442b-a492-059fc6ff3dfc.jpg?1562937835,Halfdane (Masters Edition III #150),False,4
https://cards.scryfall.io/large/front/c/8/c896643e-eeef-49a6-a1ca-2577b55af2b0.jpg?1562742764,"Hallar, the Firefletcher (Dominaria #196)",False,3
https://cards.scryfall.io/large/front/5/e/5e185e5c-b6f9-4d36-a6b1-d7315de38fca.jpg?1674137127,"Halsin, Emerald Archdruid (Commander Legends: Battle for Baldur's Gate #234)",False,4
https://cards.scryfall.io/large/front/9/7/97502411-5c93-434c-b77b-ceb2c32feae7.jpg?1631045832,"Halvar, God of Battle // Sword of the Realms (Kaldheim #15)",True,4
https://cards.scryfall.io/large/front/4/7/47b8eb2e-73ac-4ad6-9ab6-4f8da7b41020.jpg?1628299585,"Hama Pashar, Ruin Seeker (Adventures in the Forgotten Realms #224)",False,3
https://cards.scryfall.io/large/front/a/d/adc7f8f3-140d-4dd0-aacc-b81b2b93eb67.jpg?1689999064,"Hamza, Guardian of Arashin (Commander Masters #339)",False,6
https://cards.scryfall.io/large/front/3/9/39bda1b4-3f02-4cbc-9573-f5b6e6c991d5.jpg?1708742034,"Hancock, Ghoulish Mayor (Fallout #45)",False,3
https://cards.scryfall.io/large/front/6/5/65b41982-6e79-4e04-a0f3-d985da92e8c1.jpg?1689999078,"Hanna, Ship's Navigator (Commander Masters #340)",False,3
https://cards.scryfall.io/large/front/2/4/24a0babe-8da4-4c95-9cdf-626a5c5e2e5c.jpg?1686634870,Hans Eriksson (Commander Legends #279),False,4
https://cards.scryfall.io/large/front/f/6/f6ea7c19-71ec-44ff-affc-fc76fe3146a7.jpg?1692516870,"Hansk, Slayer Zealot (Universes Within #22)",False,4
https://cards.scryfall.io/large/front/5/6/56fbbcc9-db23-4902-b0f7-cea78a2a36af.jpg?1543676055,"Hapatra, Vizier of Poisons (Amonkhet #199)",False,2
https://cards.scryfall.io/large/front/9/e/9eac78a2-599f-4dba-aec7-982c5ae3f75a.jpg?1631051439,"Harald, King of Skemfar (Kaldheim #212)",False,3
https://cards.scryfall.io/large/front/4/b/4b88be69-3201-4345-a193-cc21bd066d15.jpg?1674421784,"Harbin, Vanguard Aviator (The Brothers' War #212)",False,2
https://cards.scryfall.io/large/front/8/0/80225482-6566-41fb-ade7-d9646426a4be.jpg?1674173530,Hardy of Myra's Marvels (Unfinity #141),False,4
https://cards.scryfall.io/large/front/4/4/44498893-3ff8-4d1e-abdf-4579e0c67020.jpg?1674137136,Hardy Outlander (Commander Legends: Battle for Baldur's Gate #235),False,2
https://cards.scryfall.io/large/front/5/9/59e1fa94-056a-4570-97b3-17e964077965.jpg?1677763570,"Hargilde, Kindly Runechanter (Universes Within #5)",False,4
https://cards.scryfall.io/large/front/d/7/d730ac69-20ec-4ef3-85ee-a5fd24e5f277.jpg?1708742304,"Harold and Bob, First Numens (Fallout #78)",False,3
https://cards.scryfall.io/large/front/d/c/dc53b1af-0f4a-4475-a131-27cb5d5b0cf1.jpg?1674140742,Haunted One (Commander Legends: Battle for Baldur's Gate #654),False,3
https://cards.scryfall.io/large/front/a/d/adfd416a-dddf-40e4-acf0-84057edb7a58.jpg?1562588223,Hazduhr the Abbot (Homelands #8),False,5
https://cards.scryfall.io/large/front/2/5/25869cd0-63da-4dfb-8870-221cdba276e2.jpg?1674174875,"Hazezon, Shaper of Sand (Dominaria United Commander #32)",False,3
https://cards.scryfall.io/large/front/4/c/4cd43773-2a6f-4f03-bcee-de32049561e5.jpg?1562911124,Hazezon Tamar (Masters Edition III #151),False,7
https://cards.scryfall.io/large/front/3/6/36ed9f9d-99a7-49f4-b0ad-d71355809d32.jpg?1543675610,Hazoret the Fervent (Amonkhet #136),False,4
https://cards.scryfall.io/large/front/b/e/be77b98a-dd79-477c-8ab2-7ebf5637a89e.jpg?1706239565,Headliner Scarlett (Ravnica: Clue Edition #4),False,4
https://cards.scryfall.io/large/front/7/b/7b3ff07c-9653-4197-ad3d-638e712e8465.jpg?1689997916,Heartless Hidetsugu (Commander Masters #231),False,5
https://cards.scryfall.io/large/front/3/9/39916d65-60a6-4da6-8675-8a8ef9505772.jpg?1593274946,"Heidar, Rimewind Master (Coldsnap #36)",False,5
https://cards.scryfall.io/large/front/9/e/9ea5e61c-d903-410b-9acf-96a917ce05cc.jpg?1654567669,"Heiko Yamazaki, the General (Kamigawa: Neon Dynasty #146)",False,4
https://cards.scryfall.io/large/front/b/8/b83e9693-4996-498c-95f7-884d40341298.jpg?1690004134,"Heliod, God of the Sun (Commander Masters #826)",False,4
https://cards.scryfall.io/large/front/3/2/3245ff74-1f9c-4518-a23f-1579f338f232.jpg?1689995727,"Heliod, Sun-Crowned (Commander Masters #29)",False,3
https://cards.scryfall.io/large/front/a/7/a7113c93-6c6d-410f-aeec-abc5ee121cdf.jpg?1689853622,"Heliod, the Radiant Dawn // Heliod, the Warped Eclipse (March of the Machine #17)",True,4
https://cards.scryfall.io/large/front/9/4/946ca338-5f43-4cff-bd93-1b28449c5fdc.jpg?1643589923,"Henrika Domnathi // Henrika, Infernal Seer (Innistrad: Crimson Vow #119)",True,4
https://cards.scryfall.io/large/front/5/b/5b67d302-ddaa-4627-adc8-86bb665f69ad.jpg?1698988761,"Henry Wu, InGen Geneticist (Jurassic World Collection #12)",False,3
https://cards.scryfall.io/large/front/e/e/ee228dcc-3170-4c24-80bc-28bcee07cb43.jpg?1673481644,"Henzie ""Toolbox"" Torre (New Capenna Commander #2)",False,3
https://cards.scryfall.io/large/front/1/c/1ccf0f8d-f988-45ec-b75b-d97206326cfb.jpg?1562757975,He Who Hungers (Champions of Kamigawa #114),False,5
https://cards.scryfall.io/large/front/2/e/2efa20f2-2ff9-4066-9f3c-ff77afc30494.jpg?1700077627,"Hex, Kellan's Companion (Alchemy: Wilds of Eldraine #14)",False,2
https://cards.scryfall.io/large/front/8/1/81039daf-0d54-4474-a833-fa287ec10cf9.jpg?1682205289,Hidetsugu and Kairi (March of the Machine #228),False,5
https://cards.scryfall.io/large/front/6/f/6f4142d3-f7ca-4613-a6e5-528cf1f22383.jpg?1654567158,"Hidetsugu, Devouring Chaos (Kamigawa: Neon Dynasty #99)",False,4
https://cards.scryfall.io/large/front/3/1/31d2e591-6df4-4445-a16c-c7a576ff3e20.jpg?1701719452,High Marshal Arguel (Alchemy: Ixalan #24),False,3
https://cards.scryfall.io/large/front/f/7/f7b96d12-6309-48d1-bbdc-7bc88f4e2518.jpg?1562941526,"Higure, the Still Wind (Planechase Anthology #18)",False,5
https://cards.scryfall.io/large/front/b/b/bb3e29ea-c907-4185-986c-f0dabd3b3855.jpg?1562266874,"Hikari, Twilight Guardian (Modern Masters 2015 #18)",False,5
https://cards.scryfall.io/large/front/f/2/f25aff90-56fd-4f70-bb3b-cabf2900c391.jpg?1654568472,"Hinata, Dawn-Crowned (Kamigawa: Neon Dynasty #222)",False,4
https://cards.scryfall.io/large/front/a/8/a87aea05-5970-455e-a728-668cf23940a6.jpg?1562763462,"Hisoka, Minamo Sensei (Champions of Kamigawa #66)",False,4
https://cards.scryfall.io/large/front/e/e/ee84e61e-d99a-489b-a3b1-cb45fc81bce6.jpg?1562722404,Hivis of the Scale (Mirage #182),False,5
https://cards.scryfall.io/large/front/d/0/d0c21a35-4b70-4de4-93ff-c0ccabdc39e0.jpg?1562043057,"Hixus, Prison Warden (Magic Origins #19)",False,5
https://cards.scryfall.io/large/front/b/d/bd8deecf-eded-418b-ac4c-5c3e8f54e86d.jpg?1627429212,Hofri Ghostforge (Strixhaven: School of Mages #192),False,5
https://cards.scryfall.io/large/front/0/0/0049e68d-0caf-474f-9523-dad343f1250a.jpg?1687248935,"Hogaak, Arisen Necropolis (Modern Horizons #202)",False,7
https://cards.scryfall.io/large/front/5/a/5a03f5d5-d5c3-4a7d-8d44-e60b498b4ed5.jpg?1562877197,"Hokori, Dust Drinker (Betrayers of Kamigawa #7)",False,4
https://cards.scryfall.io/large/front/f/a/fab07547-a6b8-487a-9688-8f93aaa71f5b.jpg?1682347215,"Holga, Relentless Rager (Secret Lair Drop #1240)",False,6
https://cards.scryfall.io/large/front/8/4/84920a21-ee2a-41ac-a369-347633d10371.jpg?1562494702,"Homura, Human Ascendant // Homura's Essence (Saviors of Kamigawa #103)",True,6
https://cards.scryfall.io/large/front/6/f/6f4bcadd-7eff-4294-94d5-52482a734d5b.jpg?1576382268,Hope of Ghirapur (Aether Revolt #154),False,1
https://cards.scryfall.io/large/front/a/5/a5137c28-632f-40f4-bf9d-877f5f070987.jpg?1562265721,Horde of Notions (Modern Masters 2015 #178),False,5
https://cards.scryfall.io/large/front/b/4/b41983cb-c4e4-4384-bd69-df3fc6e74cd0.jpg?1593860738,"Horobi, Death's Wail (Champions of Kamigawa #117)",False,4
https://cards.scryfall.io/large/front/c/0/c079037c-f4cf-423f-ad15-ee57136d6148.jpg?1562257528,"Huang Zhong, Shu General (Portal Three Kingdoms #8)",False,4
https://cards.scryfall.io/large/front/5/7/57df2563-18d4-4526-a8bc-0c114e6fd4d9.jpg?1699044416,"Huatli, Poet of Unity // Roar of the Fifth People (The Lost Caverns of Ixalan #189)",True,3
https://cards.scryfall.io/large/front/8/b/8bbdc7c5-71a1-4db8-98b2-8883bf648dca.jpg?1562924564,"Hua Tuo, Honored Physician (Commander 2013 #149)",False,3
https://cards.scryfall.io/large/front/4/0/4049abac-cb54-4af2-b2df-ffb8fdc22e84.jpg?1562908315,Hunding Gjornersen (Masters Edition III #152),False,6
https://cards.scryfall.io/large/front/5/f/5fcee066-425f-4341-bde5-13a5bdf06f2a.jpg?1674420515,"Hurkyl, Master Wizard (The Brothers' War #51)",False,3
https://cards.scryfall.io/large/front/a/e/ae9231fd-053d-4b84-a7a8-86063465bc49.jpg?1692939339,Hylda of the Icy Crown (Wilds of Eldraine #206),False,4
https://cards.scryfall.io/large/front/a/9/a9fbc814-4281-4ac6-a844-68bcd848f229.jpg?1562824218,Hythonia the Cruel (Theros #91),False,6
https://cards.scryfall.io/large/front/8/b/8bce4bde-33af-4c91-903f-c46218664353.jpg?1696691791,Ian Chesterton (Doctor Who #22),False,3
https://cards.scryfall.io/large/front/b/4/b4a0402e-e39b-4008-b654-189b4a5e03a3.jpg?1698988761,"Ian Malcolm, Chaotician (Jurassic World Collection #13)",False,3
https://cards.scryfall.io/large/front/4/c/4cd46b6a-eb20-4ffa-94e0-47d1d2d46087.jpg?1708742155,Ian the Reckless (Fallout #59),False,2
https://cards.scryfall.io/large/front/e/9/e950415c-2abe-4afe-9ef4-6d63eba2c833.jpg?1562941805,"Ib Halfheart, Goblin Tactician (Duel Decks Anthology: Elves vs. Goblins #43)",False,4
https://cards.scryfall.io/large/front/0/4/0409a15a-7cf6-43e5-958c-d23da4304f29.jpg?1608910710,"Ich-Tekik, Salvage Splicer (Commander Legends #233)",False,5
https://cards.scryfall.io/large/front/2/6/26b0e68a-9d4e-42ea-8dac-c47cbed0c6ad.jpg?1630107263,"Icingdeath, Frost Tyrant (Adventures in the Forgotten Realms #20)",False,4
https://cards.scryfall.io/large/front/d/0/d0018c07-73dc-4762-ad55-78b18f885877.jpg?1696636722,"Idris, Soul of the TARDIS (Doctor Who #135)",False,3
https://cards.scryfall.io/large/front/8/b/8bb6342b-0b9e-4379-b433-70bbaeb04c19.jpg?1673914333,Ignacio of Myra's Marvels (Unfinity #112),False,4
https://cards.scryfall.io/large/front/f/f/ff128110-b87e-451c-a51d-9f116892e482.jpg?1562443301,Ihsan's Shade (Masters 25 #94),False,6
https://cards.scryfall.io/large/front/9/c/9ce461f7-385d-4379-83de-49571247c30d.jpg?1562495128,Iizuka the Ruthless (Saviors of Kamigawa #104),False,5
https://cards.scryfall.io/large/front/8/f/8f2abcc3-dc33-4b9d-a372-1d936e954f94.jpg?1562275017,"Ikra Shidiqi, the Usurper (Commander Anthology Volume II #11)",False,5
https://cards.scryfall.io/large/front/3/d/3d397fc3-fd4e-45ad-ad40-0f8a585c15fd.jpg?1702550832,"Ilharg, the Raze-Boar (Ravnica Remastered #113)",False,5
https://cards.scryfall.io/large/front/d/1/d161a190-3c85-4207-9d88-7ff9213efea8.jpg?1673308674,"Illuminor Szeras (Warhammer 40,000 Commander #37)",False,3
https://cards.scryfall.io/large/front/0/d/0dfec692-66c8-4c90-8afa-095654011c3d.jpg?1673305551,"Illuna, Apex of Wishes (Dominaria United Commander #154)",False,5
https://cards.scryfall.io/large/front/c/2/c2c3e33c-8893-436e-ab3a-f8c2ae8b2527.jpg?1673301263,"Imaryll, Elfhame Elite (Game Night: Free-for-All #5)",False,4
https://cards.scryfall.io/large/front/d/2/d2f60c02-55f7-4584-b68c-f23e466b3b0b.jpg?1677763670,"Immard, the Stormcleaver (Universes Within #14)",False,4
https://cards.scryfall.io/large/front/1/4/14b44833-0482-4b47-a594-4050bb87f1a5.jpg?1692938320,"Imodane, the Pyrohammer (Wilds of Eldraine #137)",False,4
https://cards.scryfall.io/large/front/1/0/1097264b-e383-4864-a587-dc7d5468f359.jpg?1674135595,"Imoen, Mystic Trickster (Commander Legends: Battle for Baldur's Gate #77)",False,3
https://cards.scryfall.io/large/front/6/8/6835928a-4483-4324-8cae-a5b477649453.jpg?1656626982,"Imoen, Trickster Friend (Alchemy Horizons: Baldur's Gate #7)",False,2
https://cards.scryfall.io/large/front/2/8/286ff901-1faf-4a02-a37a-fa165989112f.jpg?1674058380,"Imotekh the Stormlord (Warhammer 40,000 Commander #5)",False,4
https://cards.scryfall.io/large/front/8/a/8afceb13-877a-4256-9ba6-851b6924ffd9.jpg?1608911148,"Imoti, Celebrant of Bounty (Commander Legends #280)",False,5
https://cards.scryfall.io/large/front/7/c/7c6e803a-451c-4aa6-97a2-400077f32c47.jpg?1627406462,"Inalla, Archmage Ritualist (Commander 2017 #38)",False,5
https://cards.scryfall.io/large/front/4/e/4e13f122-0dfe-42f3-9815-9ae1a29fca99.jpg?1562493699,Iname as One (Saviors of Kamigawa #151),False,12
https://cards.scryfall.io/large/front/2/d/2dd67e11-3dad-4e59-b15d-02911e53fbbf.jpg?1562758878,"Iname, Death Aspect (Champions of Kamigawa #118)",False,6
https://cards.scryfall.io/large/front/b/e/be027e3c-8891-46f0-bca7-d28a94ca281a.jpg?1562764156,"Iname, Life Aspect (Champions of Kamigawa #215)",False,6
https://cards.scryfall.io/large/front/2/5/25e6ebfb-8f0b-44f0-a911-103ade41c6bc.jpg?1698988767,"Indominus Rex, Alpha (Jurassic World Collection #14)",False,5
https://cards.scryfall.io/large/front/3/8/3826e2af-c134-4dc1-98b5-574b1bda9a98.jpg?1698988768,"Indoraptor, the Perfect Hybrid (Jurassic World Collection #15)",False,3
https://cards.scryfall.io/large/front/c/7/c79e7a4c-e0e7-42ac-b125-1db2f3d9325c.jpg?1562495650,Infernal Kirin (Saviors of Kamigawa #72),False,4
https://cards.scryfall.io/large/front/c/7/c788c6a6-20d9-4a93-a898-330b085226c4.jpg?1627767538,Inferno of the Star Mounts (Adventures in the Forgotten Realms #151),False,6
https://cards.scryfall.io/large/front/0/a/0aa97506-b943-4443-96b1-1b49f57d80aa.jpg?1682205299,Inga and Esika (March of the Machine #229),False,4
https://cards.scryfall.io/large/front/c/1/c190eceb-f6d8-408f-bbc4-df0fefb778ad.jpg?1689996429,Inga Rune-Eyes (Commander Masters #100),False,4
https://cards.scryfall.io/large/front/5/5/55ed38fc-dc1f-4a03-8869-147f7eb8646b.jpg?1562910780,"Ink-Eyes, Servant of Oni (Planechase Anthology #33)",False,6
https://cards.scryfall.io/large/front/b/2/b238485f-ef67-4295-892b-a10235368f74.jpg?1632261762,"Inniaz, the Gale Force (Jumpstart #12)",False,5
https://cards.scryfall.io/large/front/b/d/bdf1ccf7-e95f-4d08-be51-83fba78c4c2d.jpg?1673309417,"Inquisitor Eisenhorn (Warhammer 40,000 Commander #127)",False,4
https://cards.scryfall.io/large/front/8/6/86a4afac-69fd-46e9-8009-58de59bf3f5c.jpg?1674058362,"Inquisitor Greyfax (Warhammer 40,000 Commander #3)",False,4
https://cards.scryfall.io/large/front/f/c/fc6eb9f3-0f7b-4623-806e-5e604a05d470.jpg?1674135130,Inspiring Leader (Commander Legends: Battle for Baldur's Gate #28),False,3
https://cards.scryfall.io/large/front/3/5/35517572-b5d4-4dbf-b090-4e4c4b040a0d.jpg?1673148766,"Intet, the Dreamer (Double Masters 2022 #229)",False,6
https://cards.scryfall.io/large/front/f/a/fa7a55aa-ae61-4933-b7a4-dcc55dac6fcd.jpg?1699044306,"Inti, Seneschal of the Sun (The Lost Caverns of Ixalan #156)",False,2
https://cards.scryfall.io/large/front/0/3/03ab74cd-978a-49eb-9d38-bc8b472b3cef.jpg?1686968152,Ioreth of the Healing House (The Lord of the Rings: Tales of Middle-earth #56),False,3
https://cards.scryfall.io/large/front/0/8/0861a74a-a4d5-4b9f-8c62-74cdfcc67825.jpg?1696636638,"Iraxxa, Empress of Mars (Doctor Who #89)",False,4
https://cards.scryfall.io/large/front/5/1/518e3b77-d482-4b90-94c0-0b8cdd949b9f.jpg?1562587280,Irini Sengir (Homelands #54),False,4
https://cards.scryfall.io/large/front/b/4/b4036bb7-835d-4690-aca1-1ab566776e9a.jpg?1562415955,"Iroas, God of Victory (Commander 2016 #205)",False,4
https://cards.scryfall.io/large/front/6/a/6afead32-3542-44c4-82d6-b6a81beb9f90.jpg?1600713424,"Isamaru, Hound of Konda (Jumpstart #113)",False,1
https://cards.scryfall.io/large/front/9/0/90334b59-73d8-4459-af59-d7a0539e2cc5.jpg?1562878385,"Isao, Enlightened Bushi (Betrayers of Kamigawa #129)",False,3
https://cards.scryfall.io/large/front/d/5/d5de9b95-1c20-4d1a-be7d-4307ec2803ba.jpg?1690016813,Isareth the Awakener (Commander Masters #168),False,3
https://cards.scryfall.io/large/front/2/e/2e89ce6a-6bc9-427f-a8b2-c07a9fc3218f.jpg?1562272963,"Ishai, Ojutai Dragonspeaker (Commander Anthology Volume II #12)",False,4
https://cards.scryfall.io/large/front/8/e/8e94fec2-dc56-4961-ba80-b9c904a345ab.jpg?1562878352,"Ishi-Ishi, Akki Crackshot (Betrayers of Kamigawa #110)",False,2
https://cards.scryfall.io/large/front/f/9/f902584a-2cf3-4843-b0be-2ead4fe16c38.jpg?1680465762,"Ishkanah, Broodmother (Alchemy: Innistrad #52)",False,4
https://cards.scryfall.io/large/front/2/a/2a6c5a98-2fe5-4671-a6a8-98a47c09c5a7.jpg?1576384813,"Ishkanah, Grafwidow (Eldritch Moon #162)",False,5
https://cards.scryfall.io/large/front/1/e/1e3b82a7-ebef-4190-9f50-40b992ba89c9.jpg?1591321318,"Isperia, Supreme Judge (Commander 2020 #217)",False,6
https://cards.scryfall.io/large/front/b/2/b2b365b0-6949-41d2-be60-eb2162b1f882.jpg?1593273629,Isperia the Inscrutable (Dissension #114),False,5
https://cards.scryfall.io/large/front/a/0/a062a004-984e-4b62-960c-af7288f7a3e9.jpg?1690575102,"Isshin, Two Heavens as One (Kamigawa: Neon Dynasty #224)",False,3
https://cards.scryfall.io/large/front/1/e/1e1d50c3-3219-49cb-8f63-c1faff93215c.jpg?1676452628,Isu the Abominable (Jumpstart 2022 #12),False,5
https://cards.scryfall.io/large/front/c/9/c93330c2-b79b-4211-87ca-6ebc45b70dd9.jpg?1673914900,It Came from Planet Glurg (Unfinity #169),False,2
https://cards.scryfall.io/large/front/5/4/54c32735-e8e7-46a1-84ea-92806f459e84.jpg?1619404006,"Ith, High Arcanist (Time Spiral Remastered #255)",False,7
https://cards.scryfall.io/large/front/7/1/7112c366-b36a-4bc8-aa64-6bad16bebc39.jpg?1699044540,"Itzquinth, Firstborn of Gishath (The Lost Caverns of Ixalan #230)",False,2
https://cards.scryfall.io/large/front/d/9/d94c15b7-6c8f-45a6-8734-975e3e3b790c.jpg?1673307958,"Ivy, Gleeful Spellthief (Dominaria United #201)",False,2
https://cards.scryfall.io/large/front/9/c/9c05f3bf-5785-4a53-9c34-cffd7783d107.jpg?1562438997,Iwamori of the Open Fist (Masters 25 #174),False,4
https://cards.scryfall.io/large/front/a/b/ab866ec4-dcb4-47ef-8de1-a369986609c0.jpg?1675905559,"Ixhel, Scion of Atraxa (Phyrexia: All Will Be One Commander #1)",False,4
https://cards.scryfall.io/large/front/3/1/314d5e89-55f7-42b4-af19-d4d0f499a265.jpg?1562906514,"Ixidor, Reality Sculptor (Onslaught #89)",False,5
https://cards.scryfall.io/large/front/c/3/c3e6025d-d273-4ae4-9929-5e588612f1b3.jpg?1627703415,"Iymrith, Desert Doom (Adventures in the Forgotten Realms #62)",False,5
https://cards.scryfall.io/large/front/7/0/70ea66cd-587a-4ca9-9ca8-d7d2046bfbed.jpg?1706242180,"Izoni, Center of the Web (Murders at Karlov Manor #209)",False,6
https://cards.scryfall.io/large/front/7/5/75955b0e-12d6-40ba-aab5-b7b7e2bde121.jpg?1572893685,"Izoni, Thousand-Eyed (Guilds of Ravnica #180)",False,6
https://cards.scryfall.io/large/front/0/2/02d6d693-f1f3-4317-bcc0-c21fa8490d38.jpg?1651492800,"Jace, Vryn's Prodigy // Jace, Telepath Unbound (Magic Origins #60)",True,2
https://cards.scryfall.io/large/front/6/b/6b4529c3-8edb-4909-b910-806450a39d2e.jpg?1643588042,"Jacob Hauken, Inspector // Hauken's Insight (Innistrad: Crimson Vow #65)",True,2
https://cards.scryfall.io/large/front/6/f/6fde1e41-bb06-457e-8c61-4a41535e3a73.jpg?1559592577,Jacques le Vert (Masters Edition #147),False,4
https://cards.scryfall.io/large/front/f/f/ff971ba7-68b8-482a-9cb1-741f6893550c.jpg?1634349933,"Jadar, Ghoulcaller of Nephalia (Innistrad: Midnight Hunt #108)",False,2
https://cards.scryfall.io/large/front/d/7/d7148d24-373e-4485-860b-c3429c2337f2.jpg?1624593477,"Jadzi, Oracle of Arcavios // Journey to the Oracle (Strixhaven: School of Mages #151)",True,8
https://cards.scryfall.io/large/front/f/e/feb7ad1b-4466-48f7-b46d-cc83d4e22b51.jpg?1674137153,"Jaheira, Friend of the Forest (Commander Legends: Battle for Baldur's Gate #237)",False,3
https://cards.scryfall.io/large/front/c/2/c26f4277-8807-4c15-8680-172aa3f0d984.jpg?1656625769,"Jaheira, Harper Emissary (Alchemy Horizons: Baldur's Gate #16)",False,2
https://cards.scryfall.io/large/front/1/f/1f9719c8-2dfe-4141-9ede-2ee3a282b5e9.jpg?1562433489,"Jalira, Master Polymorphist (Masters 25 #63)",False,4
https://cards.scryfall.io/large/front/9/b/9b5d0ead-7798-49a2-8106-418db1d4fd69.jpg?1562799131,Jalum Grifter (Unglued #47),False,5
https://cards.scryfall.io/large/front/3/1/31fed516-04e1-4453-b955-dfbd32bab2f3.jpg?1708790133,"James, Wandering Dad // Follow Him (Fallout #31)",False,3
https://cards.scryfall.io/large/front/7/5/75cececf-8547-4355-972b-7ffbafcda1c2.jpg?1696691788,Jamie McCrimmon (Doctor Who #105),False,3
https://cards.scryfall.io/large/front/6/b/6b215a08-41db-4440-8e33-34a84a33db50.jpg?1674137529,"Jan Jansen, Chaos Crafter (Commander Legends: Battle for Baldur's Gate #277)",False,3
https://cards.scryfall.io/large/front/c/6/c6717954-35d8-4d7e-95aa-f7d26d15d4b2.jpg?1592673383,"Jarad, Golgari Lich Lord (Commander Anthology #179)",False,4
https://cards.scryfall.io/large/front/5/a/5acffa48-9e3f-4ba3-a55f-d459307f46df.jpg?1673304686,Jared Carthalion (Dominaria United Commander #2),False,5
https://cards.scryfall.io/large/front/8/1/81bd293b-07b9-4d7c-826a-948d5b01ab5e.jpg?1608911156,"Jared Carthalion, True Heir (Commander Legends #281)",False,3
https://cards.scryfall.io/large/front/b/f/bf57d9ec-d161-4cb4-989b-72278bfdba4c.jpg?1562275985,"Jareth, Leonine Titan (Commander Anthology Volume II #30)",False,6
https://cards.scryfall.io/large/front/c/4/c4b3bdc0-2826-44d1-b39b-104aff3b9a8c.jpg?1680464102,"Jarsyl, Dark Age Scion (Alchemy: The Brothers' War #20)",False,3
https://cards.scryfall.io/large/front/0/0/004af467-815a-47c0-a974-1ae49ca3a1a8.jpg?1562770875,Jasmine Boreal (Time Spiral Timeshifted #93),False,5
https://cards.scryfall.io/large/front/c/1/c1f5bcc4-3ec7-42ae-8e4b-80a9b9135ff0.jpg?1679172088,Jasmine Boreal of the Seven (Dominaria United Commander #33),False,3
https://cards.scryfall.io/large/front/4/8/48313997-fd94-486a-bf30-e9143a155814.jpg?1708741922,"Jason Bright, Glowing Prophet (Fallout #32)",False,3
https://cards.scryfall.io/large/front/7/8/78127c0c-672f-4e4b-9c23-6a5f237228fd.jpg?1664411605,"Jaxis, the Troublemaker (Streets of New Capenna #112)",False,4
https://cards.scryfall.io/large/front/2/8/2890840e-da0b-40ba-b3c2-7e4af39922b3.jpg?1619397203,"Jaya Ballard, Task Mage (Time Spiral Remastered #172)",False,3
https://cards.scryfall.io/large/front/6/1/616d54a1-33f7-47c9-852f-4f3a07309f27.jpg?1689995758,Jazal Goldmane (Commander Masters #32),False,4
https://cards.scryfall.io/large/front/7/0/701d1f89-1a4b-41a8-bdb0-972af01f78d4.jpg?1562918599,Jedit Ojanen (Masters Edition III #153),False,7
https://cards.scryfall.io/large/front/9/1/914a4923-18a6-4aa5-8510-b02e9dc7bb41.jpg?1673304932,"Jedit Ojanen, Mercenary (Dominaria United Commander #34)",False,3
https://cards.scryfall.io/large/front/a/b/aba23c7b-27c0-440b-b9b2-f1cd3892ba7b.jpg?1562619778,Jedit Ojanen of Efrava (Commander 2017 #153),False,6
https://cards.scryfall.io/large/front/1/d/1d52e527-3835-4350-8c01-0f2d5d623b9c.jpg?1676913289,"Jegantha, the Wellspring (Ikoria: Lair of Behemoths #222)",False,5
https://cards.scryfall.io/large/front/8/3/83f9aeb8-05ba-49d9-a834-62f42fcd295b.jpg?1562922860,"Jeleva, Nephalia's Scourge (Commander 2013 #194)",False,4
https://cards.scryfall.io/large/front/4/b/4bcf5b5f-b908-4975-91f7-c4c6f819e0a6.jpg?1673485098,"Jenara, Asura of War (New Capenna Commander #343)",False,3
https://cards.scryfall.io/large/front/7/4/74ebd099-ce57-4053-8f25-d18b3d47fac4.jpg?1696636722,Jenny Flint (Doctor Who #136),False,3
https://cards.scryfall.io/large/front/a/b/abedc7b1-b6a4-48ab-a336-c0b8edb426a2.jpg?1696636727,"Jenny, Generated Anomaly (Doctor Who #137)",False,4
https://cards.scryfall.io/large/front/6/a/6a67f32c-4c9a-4bda-92f4-037b99999777.jpg?1673304694,"Jenson Carthalion, Druid Exile (Dominaria United Commander #3)",False,2
https://cards.scryfall.io/large/front/4/b/4b423097-a056-4673-bd7e-ca94a41a7aee.jpg?1674173551,"Jermane, Pride of the Circus (Unfinity #144)",False,2
https://cards.scryfall.io/large/front/6/2/621d4d0b-bcff-4855-bbaf-7aeeabeafe99.jpg?1562915470,Jerrard of the Closed Fist (Masters Edition III #154),False,6
https://cards.scryfall.io/large/front/0/f/0f6e668d-2502-4e82-b4c2-ef34c9afa27e.jpg?1636207815,"Jerren, Corrupted Bishop // Ormendahl, the Corrupter (Innistrad: Midnight Hunt #109)",True,3
https://cards.scryfall.io/large/front/4/8/48caf4c4-745c-4072-bf3d-1a3fa7c3bc9c.jpg?1644853023,"Jeska, Thrice Reborn (Commander Legends #186)",False,3
https://cards.scryfall.io/large/front/1/c/1cf96a59-8b7d-4a5b-adfd-17eeedd95db5.jpg?1562628887,"Jeska, Warrior Adept (Judgment #93)",False,4
https://cards.scryfall.io/large/front/6/b/6bf61883-2343-4a9f-9a34-99326a8827ad.jpg?1674092775,"Jetfire, Ingenious Scientist // Jetfire, Air Guardian (Transformers #3)",True,5
https://cards.scryfall.io/large/front/f/9/f9c69d75-651f-4b75-b65d-79999d2069f6.jpg?1664413153,"Jetmir, Nexus of Revels (Streets of New Capenna #193)",False,4
https://cards.scryfall.io/large/front/d/d/dd911900-1f5f-4420-96b8-1e4fe67e59f6.jpg?1673307966,"Jhoira, Ageless Innovator (Dominaria United #202)",False,2
https://cards.scryfall.io/large/front/a/a/aa6c3c8a-aa35-46b3-8769-27b4244457b0.jpg?1619404030,Jhoira of the Ghitu (Time Spiral Remastered #256),False,3
https://cards.scryfall.io/large/front/4/f/4f77d23d-6257-4dae-b585-29f45f13f2e2.jpg?1599708079,"Jhoira, Weatherlight Captain (Double Masters #203)",False,4
https://cards.scryfall.io/large/front/1/4/14a360b6-c7b4-4b25-8288-b3bb8d527bda.jpg?1562846236,"Jin-Gitaxias, Core Augur (Iconic Masters #62)",False,10
https://cards.scryfall.io/large/front/c/5/c57b4876-5387-4f73-b8e2-8e7bdca8b0bc.jpg?1654566749,"Jin-Gitaxias, Progress Tyrant (Kamigawa: Neon Dynasty #59)",False,7
https://cards.scryfall.io/large/front/4/1/41c83142-b948-4ee5-a486-41306d2bb411.jpg?1689246857,Jin-Gitaxias // The Great Synthesis (March of the Machine #65),True,5
https://cards.scryfall.io/large/front/c/5/c5f9326a-2a41-45b3-97c3-548f0bdc0882.jpg?1664413197,"Jinnie Fay, Jetmir's Second (Streets of New Capenna #195)",False,3
https://cards.scryfall.io/large/front/5/c/5c0c3860-1dab-4897-8f36-f9be263bba03.jpg?1684340724,"Jirina, Dauntless General (March of the Machine: The Aftermath #32)",False,2
https://cards.scryfall.io/large/front/6/e/6e660d42-f5d3-452a-9662-74e18a1ae9e4.jpg?1591234244,Jirina Kudro (Commander 2020 #8),False,4
https://cards.scryfall.io/large/front/6/b/6b46105b-32c2-48fc-b71d-c3e8fcb8a8ea.jpg?1562494205,"Jiwari, the Earth Aflame (Saviors of Kamigawa #107)",False,5
https://cards.scryfall.io/large/front/7/3/73c18cb4-96b1-4af2-912e-974e22877ede.jpg?1673148799,"Jodah, Archmage Eternal (Double Masters 2022 #233)",False,4
https://cards.scryfall.io/large/front/e/4/e4b1aa1e-b4e3-4346-8937-76b312501c70.jpg?1673307974,"Jodah, the Unifier (Dominaria United #203)",False,5
https://cards.scryfall.io/large/front/a/4/a4c73220-363e-44d7-b406-436246c02a75.jpg?1696691792,Jo Grant (Doctor Who #23),False,3
https://cards.scryfall.io/large/front/2/f/2f2f3b3e-63f3-4cab-aa95-030990157ed5.jpg?1562904625,Johan (Chronicles #77),False,6
https://cards.scryfall.io/large/front/b/8/b88a762d-19ed-451d-a3a9-b3e7eea40f67.jpg?1692939353,"Johann, Apprentice Sorcerer (Wilds of Eldraine #207)",False,4
https://cards.scryfall.io/large/front/f/8/f8fc7a61-226c-426a-9b99-21d87aca2f6f.jpg?1583965459,"Johnny, Combo Player (Unsanctioned #23)",False,4
https://cards.scryfall.io/large/front/6/1/61c217d9-21d5-45ef-938a-138192a901f4.jpg?1673482382,"Jolene, the Plunder Queen (New Capenna Commander #73)",False,4
https://cards.scryfall.io/large/front/0/1/01084157-60e5-4693-bbec-be60b0b4e04f.jpg?1562770883,"Jolrael, Empress of Beasts (Time Spiral Timeshifted #81)",False,5
https://cards.scryfall.io/large/front/1/8/188f9016-275f-4060-8b11-9cdeef3759bd.jpg?1706240895,"Jolrael, Mwonvuli Recluse (Murders at Karlov Manor Commander #173)",False,2
https://cards.scryfall.io/large/front/f/c/fcb93216-885c-4ec5-8b88-6cd51f593c8b.jpg?1684340733,"Jolrael, Voice of Zhalfir (March of the Machine: The Aftermath #33)",False,4
https://cards.scryfall.io/large/front/b/f/bfddb61e-986f-4557-819d-d6c0ca85c74a.jpg?1674137538,"Jon Irenicus, Shattered One (Commander Legends: Battle for Baldur's Gate #278)",False,4
https://cards.scryfall.io/large/front/8/3/8360840b-3edc-4d44-b604-61ae8c99e885.jpg?1680960297,"Jon Irenicus, the Exile (Alchemy Horizons: Baldur's Gate #72)",False,4
https://cards.scryfall.io/large/front/4/0/40c020f2-5809-4aa6-a6f5-6030568058aa.jpg?1592761645,"Jori En, Ruin Diver (Duel Decks: Mind vs. Might #23)",False,3
https://cards.scryfall.io/large/front/e/7/e7e4d8f7-874d-4b2a-ad23-afab479784ea.jpg?1675957193,"Jor Kadeen, First Goldwarden (Phyrexia: All Will Be One #203)",False,2
https://cards.scryfall.io/large/front/5/7/576d86b5-2541-4ebc-8992-73248af7c805.jpg?1625977761,"Jor Kadeen, the Prevailer (Commander 2021 #220)",False,5
https://cards.scryfall.io/large/front/c/6/c697548f-925b-405e-970a-4e78067d5c8e.jpg?1631050504,"Jorn, God of Winter // Kaldring, the Rimestaff (Kaldheim #179)",True,3
https://cards.scryfall.io/large/front/3/0/30553f61-6edf-4e7b-b60f-b8f62ca2bcad.jpg?1682209069,"Josu Vess, Lich Knight (March of the Machine Commander #253)",False,4
https://cards.scryfall.io/large/front/0/d/0dabe3af-cd5b-461e-95a4-aad046646419.jpg?1562587046,Joven (Homelands #77),False,5
https://cards.scryfall.io/large/front/3/e/3eaa19ce-cace-499e-8b23-ef9e56b23700.jpg?1706242185,"Judith, Carnage Connoisseur (Murders at Karlov Manor #210)",False,5
https://cards.scryfall.io/large/front/d/6/d6fb929c-1b8d-4d1d-aa69-ac6189cd7ebf.jpg?1690016831,"Judith, the Scourge Diva (Commander Masters #341)",False,3
https://cards.scryfall.io/large/front/d/8/d897caab-3720-4f1a-bf38-4ba266352567.jpg?1562854641,"Jugan, the Rising Star (Iconic Masters #172)",False,6
https://cards.scryfall.io/large/front/9/0/9033cf27-d9e6-49b8-8ee1-c1f38c9680b9.jpg?1654567204,"Junji, the Midnight Sky (Kamigawa: Neon Dynasty #102)",False,5
https://cards.scryfall.io/large/front/a/e/aec6b2b7-625a-451d-bc0b-4456f5bf2719.jpg?1608911166,"Juri, Master of the Revue (Commander Legends #282)",False,2
https://cards.scryfall.io/large/front/b/2/b2e46695-7bd3-448c-a5ea-6d544943ec5f.jpg?1696691794,"K-9, Mark I (Doctor Who #47)",False,1
https://cards.scryfall.io/large/front/9/3/93f6631f-f3a6-4d3c-8618-4b4ab4e82483.jpg?1673148814,Kaalia of the Vast (Double Masters 2022 #235),False,4
https://cards.scryfall.io/large/front/1/f/1f400655-f495-4b21-ab9e-57fe4d845d45.jpg?1592517520,"Kaalia, Zenith Seeker (Core Set 2020 #210)",False,3
https://cards.scryfall.io/large/front/6/8/68a144f1-df18-4dc5-81c3-dff2af27527f.jpg?1568003696,"Kadena, Slinking Sorcerer (Commander 2019 #45)",False,4
https://cards.scryfall.io/large/front/d/9/d9b8259d-0bfa-4327-ac91-157c0b9e7dfb.jpg?1673148822,Kaervek the Merciless (Double Masters 2022 #236),False,7
https://cards.scryfall.io/large/front/b/0/b0fd1009-cd3d-4b53-b9f1-dbc47e8708ab.jpg?1594736203,"Kaervek, the Spiteful (Core Set 2021 #106)",False,4
https://cards.scryfall.io/large/front/7/5/752f8672-1c37-4ab2-b290-fe3147784475.jpg?1562494640,"Kagemaro, First to Suffer (Saviors of Kamigawa #73)",False,5
https://cards.scryfall.io/large/front/6/3/6351adc8-2e44-4e5c-ae58-975b7332155e.jpg?1674137545,"Kagha, Shadow Archdruid (Commander Legends: Battle for Baldur's Gate #279)",False,4
https://cards.scryfall.io/large/front/d/4/d4ebed0b-8060-4a7b-a060-5cfcd2172b16.jpg?1623748548,"Kaheera, the Orphanguard (Ikoria: Lair of Behemoths #224)",False,3
https://cards.scryfall.io/large/front/7/a/7a5ad263-6b0d-4eaa-bc5a-16f5077206e1.jpg?1690016838,"Kaho, Minamo Historian (Commander Masters #101)",False,4
https://cards.scryfall.io/large/front/4/6/467033f7-8d59-4b80-8c2e-c36f3ad93438.jpg?1651655138,"Kaima, the Fractured Calm (Neon Dynasty Commander #3)",False,4
https://cards.scryfall.io/large/front/a/f/af7979d8-21f3-40ba-8a2e-7ebad210e48b.jpg?1654566767,"Kairi, the Swirling Sky (Kamigawa: Neon Dynasty #60)",False,6
https://cards.scryfall.io/large/front/e/4/e45e9552-7737-4c61-89b0-5a3bec3c8f34.jpg?1627709028,"Kalain, Reclusive Painter (Adventures in the Forgotten Realms #225)",False,2
https://cards.scryfall.io/large/front/f/9/f990cd78-2165-446f-a116-ae55d7a0f00d.jpg?1591234251,"Kalamax, the Stormsire (Commander 2020 #9)",False,4
https://cards.scryfall.io/large/front/3/c/3c718940-dc07-4449-ba35-4029f366c3eb.jpg?1562273430,"Kalemne, Disciple of Iroas (Commander Anthology Volume II #7)",False,4
https://cards.scryfall.io/large/front/8/5/859aab70-8192-414c-839b-dd0fbcbd8bf1.jpg?1562614015,"Kalitas, Bloodchief of Ghet (Zendikar #99)",False,7
https://cards.scryfall.io/large/front/1/7/17a278d0-f601-4d57-bc3d-2972f8602a69.jpg?1562899733,"Kalitas, Traitor of Ghet (Oath of the Gatewatch #86)",False,4
https://cards.scryfall.io/large/front/3/2/32adac7e-ef3b-4b15-ace8-80e8102bf126.jpg?1701786939,"Kamachal, Ship's Mascot (Alchemy: Ixalan #15)",False,3
https://cards.scryfall.io/large/front/c/9/c960672d-06ad-4d41-8904-9c007f824756.jpg?1675200457,"Kamahl, Fist of Krosa (Dominaria Remastered #166)",False,6
https://cards.scryfall.io/large/front/4/c/4c3560ae-b1f6-4269-a9eb-1a45247b6232.jpg?1608910749,"Kamahl, Heart of Krosa (Commander Legends #237)",False,8
https://cards.scryfall.io/large/front/7/a/7a65dd4d-f838-4964-bd5a-a517960cc644.jpg?1592761742,"Kamahl, Pit Fighter (Duel Decks: Mind vs. Might #39)",False,6
https://cards.scryfall.io/large/front/b/3/b3e47d49-e5b5-487b-a1ec-373dbf89b2ec.jpg?1673148829,"Kambal, Consul of Allocation (Double Masters 2022 #237)",False,3
https://cards.scryfall.io/large/front/c/2/c2e932f7-1a72-44e7-89f7-b853eada74f0.jpg?1645006616,"Kamber, the Plunderer (Crimson Vow Commander #19)",False,4
https://cards.scryfall.io/large/front/d/d/dd420010-6eaf-4853-8b7b-11de1157416b.jpg?1641601922,Kami of the Crescent Moon (Crimson Vow Commander #107),False,2
https://cards.scryfall.io/large/front/7/4/74b8ae28-e169-46be-8180-ebdaf80efd81.jpg?1673481656,"Kamiz, Obscura Oculus (New Capenna Commander #3)",False,4
https://cards.scryfall.io/large/front/3/a/3afd7e8e-4fcc-4003-9791-7baf10ef1880.jpg?1562906943,"Kangee, Aerie Keeper (Invasion #253)",False,4
https://cards.scryfall.io/large/front/9/9/99988f41-99b4-4423-be5f-9dc4ec7d813b.jpg?1608911175,"Kangee, Sky Warden (Commander Legends #283)",False,5
https://cards.scryfall.io/large/front/8/d/8d128887-13fb-4e54-90f2-d3c46b7b29d7.jpg?1702369890,"Karador, Ghost Chieftain (Commander Masters #342)",False,8
https://cards.scryfall.io/large/front/2/b/2bd9d26e-984c-4cf8-8c46-447f9776668f.jpg?1591321337,"Karametra, God of Harvests (Commander 2020 #218)",False,5
https://cards.scryfall.io/large/front/d/a/da46b47b-0156-4a01-b4b1-28526a6826f4.jpg?1636287930,"Karazikar, the Eye Tyrant (Forgotten Realms Commander #49)",False,5
https://cards.scryfall.io/large/front/8/9/89c0227a-df80-47d1-9400-5f1fb6b71a00.jpg?1680960159,"Kardum, Patron of Flames (Alchemy Horizons: Baldur's Gate #58)",False,4
https://cards.scryfall.io/large/front/9/6/9685e2a0-5573-41bc-a914-f40c3011459b.jpg?1631051543,"Kardur, Doomscourge (Kaldheim #216)",False,4
https://cards.scryfall.io/large/front/4/8/48765efe-bcb5-4a15-acd0-607ead64ae6d.jpg?1698988327,"Kari Zev, Skyship Raider (The Lost Caverns of Ixalan Commander #227)",False,2
https://cards.scryfall.io/large/front/7/7/775480ed-f574-40cb-bd9b-21102eaaff63.jpg?1674136654,"Karlach, Fury of Avernus (Commander Legends: Battle for Baldur's Gate #186)",False,5
https://cards.scryfall.io/large/front/8/b/8baf28ee-22d3-4bfe-84ee-ec3d2ad34179.jpg?1656629687,"Karlach, Raging Tiefling (Alchemy Horizons: Baldur's Gate #14)",False,2
https://cards.scryfall.io/large/front/f/7/f7c41011-a9eb-451c-a76d-67d2dcf47c52.jpg?1703964236,Karlov of the Ghost Council (Ravnica Remastered #193),False,2
https://cards.scryfall.io/large/front/4/2/4219b5ea-a252-4d76-a60a-9674340e8ed3.jpg?1684340871,"Karn, Legacy Reforged (March of the Machine: The Aftermath #49)",False,5
https://cards.scryfall.io/large/front/0/5/055a00a2-0df2-4f49-ac51-e33dfaf7ee85.jpg?1562896049,"Karn, Silver Golem (Vintage Masters #270)",False,5
https://cards.scryfall.io/large/front/d/e/de53d083-251e-42a4-9e2e-c2978c80615b.jpg?1562535715,"Karona, False God (Scourge #138)",False,6
https://cards.scryfall.io/large/front/2/b/2bfb85e8-278b-48a4-970e-e65bad1c4c47.jpg?1599708104,"Karrthus, Tyrant of Jund (Double Masters #205)",False,7
https://cards.scryfall.io/large/front/f/1/f16e282d-8941-46c7-a974-c05b6f73c964.jpg?1675957034,"Karumonix, the Rat King (Phyrexia: All Will Be One #98)",False,3
https://cards.scryfall.io/large/front/c/a/ca1cedd8-98d3-408f-8de8-fa682ab0227c.jpg?1697584432,"Karvanista, Loyal Lupari // Lupari Shield (Doctor Who #106)",False,5
https://cards.scryfall.io/large/front/3/c/3cae9bae-bcea-4b4b-965f-8b14339e724b.jpg?1625977790,"Kaseto, Orochi Archmage (Commander 2021 #221)",False,3
https://cards.scryfall.io/large/front/4/5/45b1e60d-54dd-41cd-b9a2-00890725a3df.jpg?1562858715,Kasimir the Lone Wolf (Legends #237),False,6
https://cards.scryfall.io/large/front/a/2/a209bda2-f0bf-4417-94f9-b73eff0b4217.jpg?1682207229,"Kasla, the Broken Halo (March of the Machine Commander #4)",False,6
https://cards.scryfall.io/large/front/4/d/4d84ac44-01d8-415e-af69-7c608ac8ae20.jpg?1561967338,"Kataki, War's Wage (Modern Masters #20)",False,2
https://cards.scryfall.io/large/front/1/9/191da6ec-22a5-4eab-a016-01cd588cce9f.jpg?1673913188,Katerina of Myra's Marvels (Unfinity #16),False,4
https://cards.scryfall.io/large/front/0/d/0d1c2b4d-5627-4264-943f-9be029c0ee92.jpg?1696636729,Kate Stewart (Doctor Who #139),False,4
https://cards.scryfall.io/large/front/e/b/ebc57f73-a517-463e-8d55-56aa996d091e.jpg?1591946565,"Kathril, Aspect Warper (Commander 2020 #10)",False,5
https://cards.scryfall.io/large/front/3/a/3a30ee96-00a0-4da9-a2e3-f87dedf2698f.jpg?1683582699,Katilda and Lier (March of the Machine Commander #446),False,3
https://cards.scryfall.io/large/front/0/e/0ef240aa-2a88-4ec4-888a-918466372adb.jpg?1643586518,"Katilda, Dawnhart Martyr // Katilda's Rising Dawn (Innistrad: Crimson Vow #21)",True,3
https://cards.scryfall.io/large/front/6/7/673cd775-d417-4652-a91d-825ad5c89e8a.jpg?1636684486,"Katilda, Dawnhart Prime (Innistrad: Midnight Hunt #230)",False,2
https://cards.scryfall.io/large/front/a/b/ab4b5ff5-fd6a-4948-9c54-440bf6324bd1.jpg?1651655270,"Katsumasa, the Animator (Neon Dynasty Commander #15)",False,4
https://cards.scryfall.io/large/front/6/4/648c15d1-a2a2-4f59-9b0a-5448be3e990f.jpg?1706448869,"Kaust, Eyes of the Glade (Murders at Karlov Manor Commander #1)",False,2
https://cards.scryfall.io/large/front/8/e/8e04a31e-24b6-4d54-90c3-3f37d457131b.jpg?1562869529,Kaysa (Masters Edition II #170),False,5
https://cards.scryfall.io/large/front/a/f/af6bc333-79c0-4de8-9874-80f2254f9ad2.jpg?1604200147,"Kaza, Roil Chaser (Zendikar Rising #225)",False,2
https://cards.scryfall.io/large/front/2/a/2aff7077-496b-46ca-b9d7-a8c1772f9a91.jpg?1562733186,"Kazarov, Sengir Pureblood (Dominaria #96)",False,7
https://cards.scryfall.io/large/front/7/2/721df547-d777-4247-b130-a4e247445b04.jpg?1707056994,"Kazuul, Tyrant of the Cliffs (Murders at Karlov Manor Commander #157)",False,5
https://cards.scryfall.io/large/front/f/6/f606ebf1-483d-4331-b16a-9fb6f591a39f.jpg?1608910296,"Kediss, Emberclaw Familiar (Commander Legends #188)",False,2
https://cards.scryfall.io/large/front/c/b/cbda3b24-f2a6-4bcf-9a0a-bab69ffa8069.jpg?1543675019,Kefnet the Mindful (Amonkhet #59),False,3
https://cards.scryfall.io/large/front/4/4/44d544dc-1d2a-4b33-ae62-d0e0217db0a2.jpg?1674141374,"Keiga, the Tide Star (Commander Legends: Battle for Baldur's Gate #725)",False,6
https://cards.scryfall.io/large/front/8/2/82703d7c-0759-46ac-b41e-12deeffa10e0.jpg?1562922484,Kei Takahashi (Masters Edition III #155),False,4
https://cards.scryfall.io/large/front/f/c/fc95324a-9a7f-4ed9-a3da-36a3eca91936.jpg?1689995768,"Keleth, Sunmane Familiar (Commander Masters #33)",False,2
https://cards.scryfall.io/large/front/0/1/01739030-c280-492b-a5c9-b3e9f6debc6d.jpg?1699044547,"Kellan, Daring Traveler // Journey On (The Lost Caverns of Ixalan #231)",False,2
https://cards.scryfall.io/large/front/c/4/c49690c7-c282-4eb4-8da3-5e0c46a80fc4.jpg?1707428999,"Kellan, Inquisitive Prodigy // Tail the Suspect (Murders at Karlov Manor #212)",False,4
https://cards.scryfall.io/large/front/e/c/ec5e2680-8b42-4571-ab45-4936aec51901.jpg?1692939694,"Kellan, the Fae-Blooded // Birthright Boon (Wilds of Eldraine #230)",False,3
https://cards.scryfall.io/large/front/f/2/f2b22b32-be24-48e3-aa81-9256190df02c.jpg?1708742534,"Kellogg, Dangerous Mind (Fallout #106)",False,3
https://cards.scryfall.io/large/front/b/7/b70d445b-d3d6-4f7c-b9ea-bed6a26d4a2a.jpg?1632261776,"Kels, Fight Fixer (Jumpstart #15)",False,4
https://cards.scryfall.io/large/front/0/3/039d25d4-ce26-4ecf-bbf5-42187cf0230a.jpg?1591234267,"Kelsien, the Plague (Commander 2020 #11)",False,3
https://cards.scryfall.io/large/front/9/4/945d283d-4592-485f-808a-6e5a721f3cf7.jpg?1675956910,"Kemba, Kha Enduring (Phyrexia: All Will Be One #19)",False,2
https://cards.scryfall.io/large/front/d/a/dacc4290-6a72-4c00-8bdd-e40ae28885a8.jpg?1689995780,"Kemba, Kha Regent (Commander Masters #34)",False,3
https://cards.scryfall.io/large/front/0/b/0ba97da8-0106-4e8b-b58b-8f2d63e3d618.jpg?1675644451,"Kenessos, Priest of Thassa (Jumpstart 2022 #13)",False,2
https://cards.scryfall.io/large/front/0/e/0e259db1-14db-4314-998c-6a076a28d8cb.jpg?1691056044,"Kenrith, the Returned King (The List #ELD-303)",False,5
https://cards.scryfall.io/large/front/d/d/ddcea3b3-5852-4ae1-a952-7b392564cb9d.jpg?1562880249,"Kentaro, the Smiling Cat (Betrayers of Kamigawa #13)",False,2
https://cards.scryfall.io/large/front/a/b/ab70c262-37a9-4dcd-80bb-d4422368eade.jpg?1593096418,"Keranos, God of Storms (Journey into Nyx #151)",False,5
https://cards.scryfall.io/large/front/a/9/a90ee952-de7a-420f-993c-a38db89bc8ac.jpg?1666782800,"Keruga, the Macrosage (Ikoria: Lair of Behemoths #225)",False,5
https://cards.scryfall.io/large/front/a/9/a9ecbf55-1f85-4877-a1ea-bf0d90dd9979.jpg?1682209080,"Keskit, the Flesh Sculptor (March of the Machine Commander #254)",False,3
https://cards.scryfall.io/large/front/e/8/e83e6d7a-3af0-4955-8004-2310f051e306.jpg?1673485110,"Kess, Dissident Mage (New Capenna Commander #344)",False,4
https://cards.scryfall.io/large/front/6/d/6d49d5e5-fca7-47ec-89f0-282641413245.jpg?1592710269,"Kestia, the Cultivator (Commander 2018 #42)",False,4
https://cards.scryfall.io/large/front/4/1/4152a5a8-e5a1-46b0-8f75-b9ac341da474.jpg?1675957198,"Kethek, Crucible Goliath (Phyrexia: All Will Be One #206)",False,4
https://cards.scryfall.io/large/front/f/e/fe28de73-76f3-4a9e-a020-dbe5921b9be5.jpg?1650599568,"Kethis, the Hidden Hand (Core Set 2020 #211)",False,3
https://cards.scryfall.io/large/front/c/2/c29e6c69-7830-4898-9d1e-97dfc2e868d9.jpg?1673309025,"Khârn the Betrayer (Warhammer 40,000 Commander #79)",False,4
https://cards.scryfall.io/large/front/5/f/5fa0404b-757a-4aee-bcd8-6150938d0fba.jpg?1562914353,Khorvath Brightflame (Battlebond #9),False,6
https://cards.scryfall.io/large/front/8/b/8b45dc40-6827-46a7-a9b7-802be698d053.jpg?1634060520,"Kianne, Dean of Substance // Imbraham, Dean of Theory (Strixhaven: School of Mages #152)",True,3
https://cards.scryfall.io/large/front/8/b/8b71345a-c3e8-4b35-beb7-6347e41d7626.jpg?1675644790,"Kibo, Uktabi Prince (Jumpstart 2022 #40)",False,3
https://cards.scryfall.io/large/front/a/2/a2ff0ee3-9600-4c7d-acec-6ec90595384e.jpg?1562852476,"Kiki-Jiki, Mirror Breaker (Iconic Masters #136)",False,5
https://cards.scryfall.io/large/front/0/7/07e18994-d08b-4a8e-abfb-b5531fd6f816.jpg?1562757455,"Kiku, Night's Flower (Champions of Kamigawa #121)",False,2
https://cards.scryfall.io/large/front/2/3/23ef4f09-2aa1-4a03-b2e2-66d1522f1e46.jpg?1627429378,"Killian, Ink Duelist (Strixhaven: School of Mages #197)",False,2
https://cards.scryfall.io/large/front/1/0/10eca3b1-f35a-4984-bfc0-818e619b1ece.jpg?1673307982,King Darien XLVIII (Dominaria United #204),False,3
https://cards.scryfall.io/large/front/f/f/ff5987ab-570a-426c-ae4a-a270fac6b346.jpg?1593095759,"King Macar, the Gold-Cursed (Journey into Nyx #74)",False,4
https://cards.scryfall.io/large/front/c/c/cc857755-62e6-4d29-95f5-82f5d4bde522.jpg?1686969851,King of the Oathbreakers (The Lord of the Rings: Tales of Middle-earth #211),False,4
https://cards.scryfall.io/large/front/6/3/63cda4a0-0dff-4edb-ae67-a2b7e2971350.jpg?1591228085,"Kinnan, Bonder Prodigy (Ikoria: Lair of Behemoths #192)",False,2
https://cards.scryfall.io/large/front/2/8/28934cf3-c1e0-49c9-93ce-fd60b1881884.jpg?1675957442,Kinzu of the Bleak Coven (Phyrexia: All Will Be One #406),False,5
